Id,domain_no,hmm_species,chain_type,e-value,score,seqstart_index,seqend_index,identity_species,v_gene,v_identity,j_gene,j_identity,1,2,3,4,5,6,7,8,9,10,11,12,13,14,15,16,17,18,19,20,21,22,23,24,25,26,27,28,29,30,31,32,33,34,35,36,37,38,39,40,41,42,43,44,45,46,47,48,49,50,51,52,53,54,55,56,57,58,59,60,61,62,63,64,65,66,67,68,69,70,71,72,73,74,75,76,77,78,79,80,81,82,83,84,85,86,87,88,89,90,91,92,93,94,95,96,97,98,99,100,101,102,103,104,105,106,107,108,109,110,111,112,113,114,115,116,117
IGKV1-12*01,0,human,K,7.7e-53,168.9,0,91,,,0.00,,0.00,D,I,Q,M,T,Q,S,P,S,S,V,S,A,S,V,G,D,R,V,T,I,T,C,R,A,S,Q,G,I,-,-,-,-,-,-,S,S,W,L,A,W,Y,Q,Q,K,P,G,K,A,P,K,L,L,I,Y,A,A,-,-,-,-,-,-,-,S,S,L,Q,S,G,V,P,-,S,R,F,S,G,S,G,-,-,S,G,T,D,F,T,L,T,I,S,S,L,Q,P,E,D,F,A,T,Y,Y,C,Q,Q,-,-,-,-,-,-,-,-,-,A,N
IGKV1-12*02,0,human,K,7.7e-53,168.9,0,91,,,0.00,,0.00,D,I,Q,M,T,Q,S,P,S,S,V,S,A,S,V,G,D,R,V,T,I,T,C,R,A,S,Q,G,I,-,-,-,-,-,-,S,S,W,L,A,W,Y,Q,Q,K,P,G,K,A,P,K,L,L,I,Y,A,A,-,-,-,-,-,-,-,S,S,L,Q,S,G,V,P,-,S,R,F,S,G,S,G,-,-,S,G,T,D,F,T,L,T,I,S,S,L,Q,P,E,D,F,A,T,Y,Y,C,Q,Q,-,-,-,-,-,-,-,-,-,A,N
IGKV1-13*01,0,human,K,4.7e-48,153.5,0,90,,,0.00,,0.00,A,I,Q,L,T,Q,S,P,S,S,L,S,A,S,V,G,D,R,V,T,I,T,C,R,A,S,Q,G,I,-,-,-,-,-,-,S,S,A,L,A,-,Y,Q,Q,K,P,G,K,A,P,K,L,L,I,Y,D,A,-,-,-,-,-,-,-,S,S,L,E,S,G,V,P,-,S,R,F,S,G,S,G,-,-,S,G,T,D,F,T,L,T,I,S,S,L,Q,P,E,D,F,A,T,Y,Y,C,Q,Q,-,-,-,-,-,-,-,-,-,F,N
IGKV1-13*02,0,human,K,8.7e-52,165.5,0,91,,,0.00,,0.00,A,I,Q,L,T,Q,S,P,S,S,L,S,A,S,V,G,D,R,V,T,I,T,C,R,A,S,Q,G,I,-,-,-,-,-,-,S,S,A,L,A,W,Y,Q,Q,K,P,G,K,A,P,K,L,L,I,Y,D,A,-,-,-,-,-,-,-,S,S,L,E,S,G,V,P,-,S,R,F,S,G,S,G,-,-,S,G,T,D,F,T,L,T,I,S,S,L,Q,P,E,D,F,A,T,Y,Y,C,Q,Q,-,-,-,-,-,-,-,-,-,F,N
IGKV1-16*01,0,human,K,7.7e-53,168.9,0,91,,,0.00,,0.00,D,I,Q,M,T,Q,S,P,S,S,L,S,A,S,V,G,D,R,V,T,I,T,C,R,A,S,Q,G,I,-,-,-,-,-,-,S,N,Y,L,A,W,F,Q,Q,K,P,G,K,A,P,K,S,L,I,Y,A,A,-,-,-,-,-,-,-,S,S,L,Q,S,G,V,P,-,S,R,F,S,G,S,G,-,-,S,G,T,D,F,T,L,T,I,S,S,L,Q,P,E,D,F,A,T,Y,Y,C,Q,Q,-,-,-,-,-,-,-,-,-,Y,N
IGKV1-16*02,0,human,K,4.8e-52,166.4,0,91,,,0.00,,0.00,D,I,Q,M,T,Q,S,P,S,S,L,S,A,S,V,G,D,R,V,T,I,T,C,R,A,S,Q,G,I,-,-,-,-,-,-,S,N,Y,L,A,W,F,Q,Q,K,P,G,K,A,P,K,S,L,I,Y,A,A,-,-,-,-,-,-,-,S,S,L,Q,S,G,V,P,-,S,K,F,S,G,S,G,-,-,S,G,T,D,F,T,L,T,I,S,S,L,Q,P,E,D,F,A,T,Y,Y,C,Q,Q,-,-,-,-,-,-,-,-,-,Y,N
IGKV1-17*01,0,human,K,1.5e-51,164.8,0,91,,,0.00,,0.00,D,I,Q,M,T,Q,S,P,S,S,L,S,A,S,V,G,D,R,V,T,I,T,C,R,A,S,Q,G,I,-,-,-,-,-,-,R,N,D,L,G,W,Y,Q,Q,K,P,G,K,A,P,K,R,L,I,Y,A,A,-,-,-,-,-,-,-,S,S,L,Q,S,G,V,P,-,S,R,F,S,G,S,G,-,-,S,G,T,E,F,T,L,T,I,S,S,L,Q,P,E,D,F,A,T,Y,Y,C,L,Q,-,-,-,-,-,-,-,-,-,H,N
IGKV1-17*02,0,human,K,2e-51,164.3,0,91,,,0.00,,0.00,D,I,Q,M,T,Q,S,P,S,S,L,S,A,S,V,G,D,R,V,T,I,T,C,R,A,S,Q,G,I,-,-,-,-,-,-,R,N,D,L,G,W,Y,Q,Q,K,P,G,K,A,P,K,R,L,I,Y,A,A,-,-,-,-,-,-,-,S,S,L,Q,S,G,V,P,-,S,R,F,S,G,S,G,-,-,S,G,T,E,F,T,L,T,I,S,N,L,Q,P,E,D,F,A,T,Y,Y,C,L,Q,-,-,-,-,-,-,-,-,-,H,N
IGKV1-17*03,0,human,K,1.6e-51,164.7,0,91,,,0.00,,0.00,D,I,Q,M,T,Q,S,P,S,A,M,S,A,S,V,G,D,R,V,T,I,T,C,R,A,S,Q,G,I,-,-,-,-,-,-,S,N,Y,L,A,W,F,Q,Q,K,P,G,K,V,P,K,R,L,I,Y,A,A,-,-,-,-,-,-,-,S,S,L,Q,S,G,V,P,-,S,R,F,S,G,S,G,-,-,S,G,T,E,F,T,L,T,I,S,S,L,Q,P,E,D,F,A,T,Y,Y,C,L,Q,-,-,-,-,-,-,-,-,-,H,N
IGKV1-27*01,0,human,K,8.4e-53,168.8,0,91,,,0.00,,0.00,D,I,Q,M,T,Q,S,P,S,S,L,S,A,S,V,G,D,R,V,T,I,T,C,R,A,S,Q,G,I,-,-,-,-,-,-,S,N,Y,L,A,W,Y,Q,Q,K,P,G,K,V,P,K,L,L,I,Y,A,A,-,-,-,-,-,-,-,S,T,L,Q,S,G,V,P,-,S,R,F,S,G,S,G,-,-,S,G,T,D,F,T,L,T,I,S,S,L,Q,P,E,D,V,A,T,Y,Y,C,Q,K,-,-,-,-,-,-,-,-,-,Y,N
IGKV1-33*01,0,human,K,1.1e-52,168.5,0,91,,,0.00,,0.00,D,I,Q,M,T,Q,S,P,S,S,L,S,A,S,V,G,D,R,V,T,I,T,C,Q,A,S,Q,D,I,-,-,-,-,-,-,S,N,Y,L,N,W,Y,Q,Q,K,P,G,K,A,P,K,L,L,I,Y,D,A,-,-,-,-,-,-,-,S,N,L,E,T,G,V,P,-,S,R,F,S,G,S,G,-,-,S,G,T,D,F,T,F,T,I,S,S,L,Q,P,E,D,I,A,T,Y,Y,C,Q,Q,-,-,-,-,-,-,-,-,-,Y,D
IGKV1-37*01,0,human,K,5e-49,156.6,0,91,,,0.00,,0.00,D,I,Q,L,T,Q,S,P,S,S,L,S,A,S,V,G,D,R,V,T,I,T,C,R,V,S,Q,G,I,-,-,-,-,-,-,S,S,Y,L,N,W,Y,R,Q,K,P,G,K,V,P,K,L,L,I,Y,S,A,-,-,-,-,-,-,-,S,N,L,Q,S,G,V,P,-,S,R,F,S,G,S,G,-,-,S,G,T,D,F,T,L,T,I,S,S,L,Q,P,E,D,V,A,T,Y,Y,G,Q,R,-,-,-,-,-,-,-,-,-,T,Y
IGKV1-39*01,0,human,K,2.3e-53,170.6,0,91,,,0.00,,0.00,D,I,Q,M,T,Q,S,P,S,S,L,S,A,S,V,G,D,R,V,T,I,T,C,R,A,S,Q,S,I,-,-,-,-,-,-,S,S,Y,L,N,W,Y,Q,Q,K,P,G,K,A,P,K,L,L,I,Y,A,A,-,-,-,-,-,-,-,S,S,L,Q,S,G,V,P,-,S,R,F,S,G,S,G,-,-,S,G,T,D,F,T,L,T,I,S,S,L,Q,P,E,D,F,A,T,Y,Y,C,Q,Q,-,-,-,-,-,-,-,-,-,S,Y
IGKV1-39*02,0,human,K,6.7e-52,165.9,0,89,,,0.00,,0.00,D,I,Q,M,T,Q,S,P,S,F,L,S,A,S,V,G,D,R,V,T,I,T,C,R,A,S,Q,S,I,-,-,-,-,-,-,S,S,Y,L,N,W,Y,Q,Q,K,P,G,K,A,P,K,L,L,I,Y,A,A,-,-,-,-,-,-,-,S,S,L,Q,S,G,V,P,-,S,R,F,S,G,S,G,-,-,S,G,T,D,F,T,L,T,I,S,S,L,Q,P,E,D,F,A,T,Y,Y,C,Q,-,-,-,-,-,-,-,-,-,-,-,C
IGKV1-5*01,0,human,K,4.4e-52,166.5,0,91,,,0.00,,0.00,D,I,Q,M,T,Q,S,P,S,T,L,S,A,S,V,G,D,R,V,T,I,T,C,R,A,S,Q,S,I,-,-,-,-,-,-,S,S,W,L,A,W,Y,Q,Q,K,P,G,K,A,P,K,L,L,I,Y,D,A,-,-,-,-,-,-,-,S,S,L,E,S,G,V,P,-,S,R,F,S,G,S,G,-,-,S,G,T,E,F,T,L,T,I,S,S,L,Q,P,D,D,F,A,T,Y,Y,C,Q,Q,-,-,-,-,-,-,-,-,-,Y,N
IGKV1-5*02,0,human,K,2.6e-51,164.0,0,91,,,0.00,,0.00,D,I,Q,M,T,Q,S,P,S,T,L,S,A,S,V,G,D,R,V,T,I,I,C,R,A,S,Q,S,I,-,-,-,-,-,-,S,S,W,L,A,W,Y,Q,Q,K,P,G,K,A,P,K,L,L,I,Y,D,A,-,-,-,-,-,-,-,S,S,L,E,S,G,V,P,-,S,R,F,S,G,S,G,-,-,S,G,T,E,F,T,L,T,I,S,S,L,Q,P,D,D,F,A,T,Y,Y,C,Q,Q,-,-,-,-,-,-,-,-,-,Y,N
IGKV1-5*03,0,human,K,3.6e-52,166.8,0,91,,,0.00,,0.00,D,I,Q,M,T,Q,S,P,S,T,L,S,A,S,V,G,D,R,V,T,I,T,C,R,A,S,Q,S,I,-,-,-,-,-,-,S,S,W,L,A,W,Y,Q,Q,K,P,G,K,A,P,K,L,L,I,Y,K,A,-,-,-,-,-,-,-,S,S,L,E,S,G,V,P,-,S,R,F,S,G,S,G,-,-,S,G,T,E,F,T,L,T,I,S,S,L,Q,P,D,D,F,A,T,Y,Y,C,Q,Q,-,-,-,-,-,-,-,-,-,Y,N
IGKV1-6*01,0,human,K,9.4e-52,165.4,0,91,,,0.00,,0.00,A,I,Q,M,T,Q,S,P,S,S,L,S,A,S,V,G,D,R,V,T,I,T,C,R,A,S,Q,G,I,-,-,-,-,-,-,R,N,D,L,G,W,Y,Q,Q,K,P,G,K,A,P,K,L,L,I,Y,A,A,-,-,-,-,-,-,-,S,S,L,Q,S,G,V,P,-,S,R,F,S,G,S,G,-,-,S,G,T,D,F,T,L,T,I,S,S,L,Q,P,E,D,F,A,T,Y,Y,C,L,Q,-,-,-,-,-,-,-,-,-,D,Y
IGKV1-6*02,0,human,K,9.4e-52,165.4,0,91,,,0.00,,0.00,A,I,Q,M,T,Q,S,P,S,S,L,S,A,S,V,G,D,R,V,T,I,T,C,R,A,S,Q,G,I,-,-,-,-,-,-,R,N,D,L,G,W,Y,Q,Q,K,P,G,K,A,P,K,L,L,I,Y,A,A,-,-,-,-,-,-,-,S,S,L,Q,S,G,V,P,-,S,R,F,S,G,S,G,-,-,S,G,T,D,F,T,L,T,I,S,S,L,Q,P,E,D,F,A,T,Y,Y,C,L,Q,-,-,-,-,-,-,-,-,-,D,Y
IGKV1-8*01,0,human,K,2.2e-51,164.3,0,91,,,0.00,,0.00,A,I,R,M,T,Q,S,P,S,S,F,S,A,S,T,G,D,R,V,T,I,T,C,R,A,S,Q,G,I,-,-,-,-,-,-,S,S,Y,L,A,W,Y,Q,Q,K,P,G,K,A,P,K,L,L,I,Y,A,A,-,-,-,-,-,-,-,S,T,L,Q,S,G,V,P,-,S,R,F,S,G,S,G,-,-,S,G,T,D,F,T,L,T,I,S,C,L,Q,S,E,D,F,A,T,Y,Y,C,Q,Q,-,-,-,-,-,-,-,-,-,Y,Y
IGKV1-9*01,0,human,K,2.7e-52,167.2,0,91,,,0.00,,0.00,D,I,Q,L,T,Q,S,P,S,F,L,S,A,S,V,G,D,R,V,T,I,T,C,R,A,S,Q,G,I,-,-,-,-,-,-,S,S,Y,L,A,W,Y,Q,Q,K,P,G,K,A,P,K,L,L,I,Y,A,A,-,-,-,-,-,-,-,S,T,L,Q,S,G,V,P,-,S,R,F,S,G,S,G,-,-,S,G,T,E,F,T,L,T,I,S,S,L,Q,P,E,D,F,A,T,Y,Y,C,Q,Q,-,-,-,-,-,-,-,-,-,L,N
IGKV1-NL1*01,0,human,K,6.5e-52,165.9,0,91,,,0.00,,0.00,D,I,Q,M,T,Q,S,P,S,S,L,S,A,S,V,G,D,R,V,T,I,T,C,R,A,S,Q,G,I,-,-,-,-,-,-,S,N,S,L,A,W,Y,Q,Q,K,P,G,K,A,P,K,L,L,L,Y,A,A,-,-,-,-,-,-,-,S,R,L,E,S,G,V,P,-,S,R,F,S,G,S,G,-,-,S,G,T,D,Y,T,L,T,I,S,S,L,Q,P,E,D,F,A,T,Y,Y,C,Q,Q,-,-,-,-,-,-,-,-,-,Y,Y
IGKV1/OR-2*01,0,human,K,2.1e-49,157.8,0,91,,,0.00,,0.00,D,I,Q,M,T,Q,S,P,S,S,L,S,A,S,V,G,G,R,V,T,I,T,C,R,A,S,Q,G,I,-,-,-,-,-,-,S,N,N,L,N,W,Y,Q,Q,K,P,R,K,T,P,K,L,L,I,Y,A,A,-,-,-,-,-,-,-,S,S,L,Q,S,G,I,P,-,S,R,F,S,D,S,G,-,-,S,G,T,D,Y,T,L,T,I,S,S,L,Q,P,E,D,F,A,T,Y,Y,C,Q,Q,-,-,-,-,-,-,-,-,-,S,D
IGKV1/OR-3*01,0,human,K,1.9e-49,158.0,0,91,,,0.00,,0.00,D,I,Q,M,T,Q,S,P,S,S,L,S,A,S,V,G,G,R,V,T,I,T,C,R,A,S,Q,G,I,-,-,-,-,-,-,S,N,N,L,N,W,Y,Q,Q,K,P,G,K,T,P,K,L,L,I,Y,A,A,-,-,-,-,-,-,-,S,S,L,Q,S,G,I,P,-,S,R,F,S,D,S,G,-,-,S,G,T,D,Y,T,L,T,I,S,S,L,Q,P,E,D,F,A,A,Y,Y,C,Q,Q,-,-,-,-,-,-,-,-,-,S,D
IGKV1/OR-4*01,0,human,K,2e-50,161.1,0,91,,,0.00,,0.00,D,I,Q,M,T,Q,S,P,S,S,L,S,A,S,V,G,D,R,V,T,I,T,C,R,A,S,Q,G,I,-,-,-,-,-,-,S,N,N,L,N,W,Y,Q,Q,K,P,G,K,T,P,K,F,L,I,Y,A,A,-,-,-,-,-,-,-,S,S,L,Q,S,G,I,P,-,S,R,F,S,D,S,G,-,-,S,G,T,D,Y,T,L,T,I,S,S,L,Q,P,E,D,F,A,T,Y,Y,C,Q,Q,-,-,-,-,-,-,-,-,-,S,D
IGKV1/OR1-1*01,0,human,K,3.3e-49,157.2,0,91,,,0.00,,0.00,D,I,Q,M,T,Q,S,P,S,S,L,S,A,S,V,G,D,R,V,T,I,T,C,R,A,S,Q,G,I,-,-,-,-,-,-,S,N,N,L,N,W,Y,Q,Q,K,P,G,K,T,P,K,L,L,I,Y,A,A,-,-,-,-,-,-,-,S,S,L,Q,S,G,I,P,-,S,R,F,S,D,S,G,-,-,S,G,A,D,Y,T,L,T,I,R,S,L,Q,P,E,D,F,A,T,Y,Y,C,Q,Q,-,-,-,-,-,-,-,-,-,S,D
IGKV1/OR10-1*01,0,human,K,1.7e-50,161.4,0,91,,,0.00,,0.00,D,I,Q,M,T,Q,S,P,S,S,L,S,A,S,V,G,D,R,V,T,I,T,C,R,A,S,Q,G,I,-,-,-,-,-,-,S,N,N,L,N,W,Y,Q,Q,K,P,G,K,T,P,K,L,L,I,Y,A,A,-,-,-,-,-,-,-,S,S,L,Q,S,G,I,P,-,S,R,F,S,D,S,G,-,-,S,G,T,D,Y,T,L,T,I,S,S,L,Q,P,E,D,F,A,T,Y,Y,C,Q,Q,-,-,-,-,-,-,-,-,-,S,D
IGKV1/OR15-118*01,0,human,K,2.8e-45,144.5,0,90,,,0.00,,0.00,D,I,Q,M,T,Q,S,P,S,S,L,S,A,S,V,G,D,R,V,T,I,T,C,R,A,S,Q,G,I,-,-,-,-,-,-,S,N,N,L,N,W,Y,Q,Q,K,P,G,K,T,P,K,L,L,I,Y,A,A,-,-,-,-,-,-,-,P,S,L,Q,S,G,I,P,-,S,R,F,S,D,S,G,-,-,S,G,A,D,Y,T,L,T,I,R,S,L,Q,P,E,D,F,A,T,Y,-,C,Q,Q,-,-,-,-,-,-,-,-,-,S,D
IGKV1/OR2-0*01,0,human,K,2.3e-48,154.5,0,91,,,0.00,,0.00,D,I,Q,M,T,Q,S,P,S,S,L,S,A,S,V,G,D,R,V,T,I,T,C,R,A,S,Q,G,I,-,-,-,-,-,-,S,N,N,L,N,W,Y,Q,Q,K,P,G,K,T,P,K,L,L,I,Y,A,A,-,-,-,-,-,-,-,P,S,L,Q,S,G,I,P,-,S,R,F,S,D,S,G,-,-,S,G,A,D,Y,T,L,T,I,R,S,L,Q,P,E,D,F,A,T,Y,Y,C,Q,Q,-,-,-,-,-,-,-,-,-,S,D
IGKV1/OR2-1*01,0,human,K,1.2e-48,155.3,0,91,,,0.00,,0.00,D,I,Q,M,T,Q,S,P,S,S,L,S,A,S,V,G,G,R,V,T,I,T,C,R,A,S,Q,G,I,-,-,-,-,-,-,S,N,N,L,N,W,Y,Q,Q,K,P,G,K,T,P,K,L,L,I,Y,A,A,-,-,-,-,-,-,-,S,S,L,Q,S,G,I,P,-,S,R,F,S,D,S,G,-,-,S,G,A,D,Y,T,L,T,I,S,S,L,Q,P,E,D,F,A,A,Y,Y,C,Q,Q,-,-,-,-,-,-,-,-,-,S,D
IGKV1/OR2-108*01,0,human,K,2.1e-50,161.0,0,91,,,0.00,,0.00,D,I,Q,V,T,Q,S,P,S,S,L,S,A,S,V,G,D,R,V,T,I,T,C,R,A,S,Q,G,I,-,-,-,-,-,-,S,N,G,L,S,W,Y,Q,Q,K,P,G,Q,A,P,T,L,L,I,Y,A,A,-,-,-,-,-,-,-,S,S,L,Q,S,G,V,P,-,S,R,F,S,G,S,G,-,-,S,G,T,D,F,T,L,T,I,S,S,L,Q,P,E,D,V,A,T,Y,Y,C,L,Q,-,-,-,-,-,-,-,-,-,D,Y
IGKV1/OR2-11*01,0,human,K,1.3e-41,132.6,0,90,,,0.00,,0.00,D,I,Q,M,T,Q,P,P,S,S,L,S,A,S,V,G,D,R,A,T,V,S,C,Q,A,S,Q,S,I,-,-,-,-,-,-,Y,N,Y,L,N,W,Y,Q,Q,K,P,G,K,A,P,K,F,L,T,Y,R,A,-,-,-,-,-,-,-,S,S,L,Q,R,A,M,P,-,S,Q,F,S,G,S,G,-,-,Y,G,R,D,F,T,L,T,V,S,S,L,Q,P,E,D,F,A,T,Y,-,C,Q,Q,-,-,-,-,-,-,-,-,-,E,S
IGKV1/OR2-118*01,0,human,K,9.2e-49,155.8,0,91,,,0.00,,0.00,D,I,Q,M,T,Q,S,P,S,S,L,S,A,S,V,G,D,R,V,T,I,T,C,R,A,S,Q,G,I,-,-,-,-,-,-,S,N,N,L,N,W,Y,Q,Q,K,P,G,K,T,P,K,L,L,I,Y,A,A,-,-,-,-,-,-,-,S,S,L,Q,S,G,I,P,-,S,R,F,S,D,S,G,-,-,S,G,A,D,Y,T,L,T,I,R,S,L,Q,P,E,D,F,A,N,Y,Y,C,Q,Q,-,-,-,-,-,-,-,-,-,S,D
IGKV1/OR2-2*01,0,human,K,1.2e-48,155.3,0,91,,,0.00,,0.00,D,I,Q,M,T,Q,S,P,S,S,L,S,A,S,V,G,G,R,V,T,I,T,C,R,A,S,Q,G,I,-,-,-,-,-,-,S,N,N,L,N,W,Y,Q,Q,K,P,G,K,T,P,K,L,L,I,Y,A,A,-,-,-,-,-,-,-,S,S,L,Q,S,G,I,P,-,S,R,F,S,D,S,G,-,-,S,G,A,D,Y,T,L,T,I,S,S,L,Q,P,E,D,F,A,A,Y,Y,C,Q,Q,-,-,-,-,-,-,-,-,-,S,D
IGKV1/OR2-3*01,0,human,K,6e-43,137.0,0,90,,,0.00,,0.00,D,I,Q,M,T,Q,P,P,S,S,L,S,A,S,V,G,D,R,V,T,V,S,C,Q,A,S,Q,S,I,-,-,-,-,-,-,Y,N,Y,L,N,W,Y,Q,Q,K,P,G,K,A,P,K,F,L,T,Y,R,A,-,-,-,-,-,-,-,S,S,L,Q,R,G,M,P,-,S,Q,F,S,G,S,G,-,-,Y,G,R,D,F,T,L,T,V,S,S,L,Q,P,E,D,F,A,T,Y,-,C,Q,Q,-,-,-,-,-,-,-,-,-,E,S
IGKV1/OR2-9*01,0,human,K,1.3e-41,132.6,0,90,,,0.00,,0.00,D,I,Q,M,T,Q,P,P,S,S,L,S,A,S,V,G,D,R,A,T,V,S,C,Q,A,S,Q,S,I,-,-,-,-,-,-,Y,N,Y,L,N,W,Y,Q,Q,K,P,G,K,A,P,K,F,L,T,Y,R,A,-,-,-,-,-,-,-,S,S,L,Q,R,A,M,P,-,S,Q,F,S,G,S,G,-,-,Y,G,R,D,F,T,L,T,V,S,S,L,Q,P,E,D,F,A,T,Y,-,C,Q,Q,-,-,-,-,-,-,-,-,-,E,S
IGKV1/OR22-5*01,0,human,K,7.1e-45,143.2,0,90,,,0.00,,0.00,D,I,Q,M,T,Q,S,P,S,S,L,S,A,S,V,G,G,R,V,T,I,T,C,R,A,S,Q,G,I,-,-,-,-,-,-,S,N,N,L,N,W,Y,Q,Q,K,P,G,K,T,P,K,P,L,I,Y,A,A,-,-,-,-,-,-,-,S,S,L,Q,S,G,I,P,-,S,Q,F,S,D,S,G,-,-,S,G,T,D,-,T,L,T,I,S,S,L,Q,P,E,D,F,A,T,Y,Y,C,Q,Q,-,-,-,-,-,-,-,-,-,S,Y
IGKV1/OR22-5*02,0,human,K,6.4e-46,146.6,0,90,,,0.00,,0.00,D,I,Q,M,T,Q,S,P,S,S,L,S,A,S,V,G,D,R,V,T,I,T,C,R,A,S,Q,G,I,-,-,-,-,-,-,S,N,N,L,N,W,Y,Q,Q,K,P,G,K,T,P,K,L,L,I,Y,A,A,-,-,-,-,-,-,-,S,S,L,Q,S,G,I,P,-,S,Q,F,S,D,S,G,-,-,S,G,T,D,-,T,L,T,I,S,S,L,Q,P,E,D,F,T,T,Y,Y,C,Q,Q,-,-,-,-,-,-,-,-,-,S,Y
IGKV1/OR9-1*01,0,human,K,9.1e-49,155.8,0,91,,,0.00,,0.00,D,I,Q,M,T,Q,S,P,S,S,L,S,A,S,V,G,G,R,V,T,I,T,C,R,V,S,Q,G,I,-,-,-,-,-,-,S,N,N,L,N,W,Y,Q,Q,K,P,R,K,T,P,K,L,L,I,Y,A,A,-,-,-,-,-,-,-,S,S,L,Q,S,G,I,P,-,S,R,F,S,D,S,G,-,-,S,G,T,D,Y,T,L,T,I,S,S,L,Q,P,E,D,F,A,T,Y,Y,C,Q,Q,-,-,-,-,-,-,-,-,-,S,D
IGKV1/OR9-2*01,0,human,K,2.1e-49,157.8,0,91,,,0.00,,0.00,D,I,Q,M,T,Q,S,P,S,S,L,S,A,S,V,G,G,R,V,T,I,T,C,R,A,S,Q,G,I,-,-,-,-,-,-,S,N,N,L,N,W,Y,Q,Q,K,P,R,K,T,P,K,L,L,I,Y,A,A,-,-,-,-,-,-,-,S,S,L,Q,S,G,I,P,-,S,R,F,S,D,S,G,-,-,S,G,T,D,Y,T,L,T,I,S,S,L,Q,P,E,D,F,A,T,Y,Y,C,Q,Q,-,-,-,-,-,-,-,-,-,S,D
IGKV1/ORY-1*01,0,human,K,1.1e-47,152.3,0,91,,,0.00,,0.00,D,I,Q,M,T,Q,S,P,S,S,L,S,A,S,V,G,D,R,V,T,I,T,C,R,A,S,Q,G,I,-,-,-,-,-,-,I,N,N,L,N,W,Y,Q,K,K,P,G,K,T,P,K,L,L,I,Y,A,A,-,-,-,-,-,-,-,S,S,L,Q,S,G,I,P,-,T,R,F,S,D,S,G,-,-,S,G,T,D,Y,T,P,T,I,S,S,L,Q,P,E,D,F,A,T,Y,Y,C,Q,Q,-,-,-,-,-,-,-,-,-,S,D
IGKV1D-12*01,0,human,K,7.7e-53,168.9,0,91,,,0.00,,0.00,D,I,Q,M,T,Q,S,P,S,S,V,S,A,S,V,G,D,R,V,T,I,T,C,R,A,S,Q,G,I,-,-,-,-,-,-,S,S,W,L,A,W,Y,Q,Q,K,P,G,K,A,P,K,L,L,I,Y,A,A,-,-,-,-,-,-,-,S,S,L,Q,S,G,V,P,-,S,R,F,S,G,S,G,-,-,S,G,T,D,F,T,L,T,I,S,S,L,Q,P,E,D,F,A,T,Y,Y,C,Q,Q,-,-,-,-,-,-,-,-,-,A,N
IGKV1D-12*02,0,human,K,7.7e-53,168.9,0,91,,,0.00,,0.00,D,I,Q,M,T,Q,S,P,S,S,V,S,A,S,V,G,D,R,V,T,I,T,C,R,A,S,Q,G,I,-,-,-,-,-,-,S,S,W,L,A,W,Y,Q,Q,K,P,G,K,A,P,K,L,L,I,Y,A,A,-,-,-,-,-,-,-,S,S,L,Q,S,G,V,P,-,S,R,F,S,G,S,G,-,-,S,G,T,D,F,T,L,T,I,S,S,L,Q,P,E,D,F,A,T,Y,Y,C,Q,Q,-,-,-,-,-,-,-,-,-,A,N
IGKV1D-13*01,0,human,K,6.3e-52,166.0,0,91,,,0.00,,0.00,A,I,Q,L,T,Q,S,P,S,S,L,S,A,S,V,G,D,R,V,T,I,T,C,R,A,S,Q,G,I,-,-,-,-,-,-,S,S,A,L,A,W,Y,Q,Q,K,P,G,K,A,P,K,L,L,I,Y,D,A,-,-,-,-,-,-,-,S,S,L,E,S,G,V,P,-,S,R,F,S,G,S,G,-,-,S,G,T,D,F,T,L,T,I,S,S,L,Q,P,E,D,F,A,T,Y,Y,C,Q,Q,-,-,-,-,-,-,-,-,-,F,N
IGKV1D-13*02,0,human,K,8.7e-52,165.5,0,91,,,0.00,,0.00,A,I,Q,L,T,Q,S,P,S,S,L,S,A,S,V,G,D,R,V,T,I,T,C,R,A,S,Q,G,I,-,-,-,-,-,-,S,S,A,L,A,W,Y,Q,Q,K,P,G,K,A,P,K,L,L,I,Y,D,A,-,-,-,-,-,-,-,S,S,L,E,S,G,V,P,-,S,R,F,S,G,S,G,-,-,S,G,T,D,F,T,L,T,I,S,S,L,Q,P,E,D,F,A,T,Y,Y,C,Q,Q,-,-,-,-,-,-,-,-,-,F,N
IGKV1D-16*01,0,human,K,2.7e-52,167.2,0,91,,,0.00,,0.00,D,I,Q,M,T,Q,S,P,S,S,L,S,A,S,V,G,D,R,V,T,I,T,C,R,A,S,Q,G,I,-,-,-,-,-,-,S,S,W,L,A,W,Y,Q,Q,K,P,E,K,A,P,K,S,L,I,Y,A,A,-,-,-,-,-,-,-,S,S,L,Q,S,G,V,P,-,S,R,F,S,G,S,G,-,-,S,G,T,D,F,T,L,T,I,S,S,L,Q,P,E,D,F,A,T,Y,Y,C,Q,Q,-,-,-,-,-,-,-,-,-,Y,N
IGKV1D-16*02,0,human,K,1.1e-51,165.1,0,91,,,0.00,,0.00,D,I,Q,M,T,Q,S,P,S,S,L,S,A,S,V,G,D,R,V,T,I,T,C,R,A,R,Q,G,I,-,-,-,-,-,-,S,S,W,L,A,W,Y,Q,Q,K,P,E,K,A,P,K,S,L,I,Y,A,A,-,-,-,-,-,-,-,S,S,L,Q,S,G,V,P,-,S,R,F,S,G,S,G,-,-,S,G,T,D,F,T,L,T,I,S,S,L,Q,P,E,D,F,A,T,Y,Y,C,Q,Q,-,-,-,-,-,-,-,-,-,Y,N
IGKV1D-17*01,0,human,K,1.1e-50,161.9,0,91,,,0.00,,0.00,N,I,Q,M,T,Q,S,P,S,A,M,S,A,S,V,G,D,R,V,T,I,T,C,R,A,R,Q,G,I,-,-,-,-,-,-,S,N,Y,L,A,W,F,Q,Q,K,P,G,K,V,P,K,H,L,I,Y,A,A,-,-,-,-,-,-,-,S,S,L,Q,S,G,V,P,-,S,R,F,S,G,S,G,-,-,S,G,T,E,F,T,L,T,I,S,S,L,Q,P,E,D,F,A,T,Y,Y,C,L,Q,-,-,-,-,-,-,-,-,-,H,N
IGKV1D-33*01,0,human,K,1.1e-52,168.5,0,91,,,0.00,,0.00,D,I,Q,M,T,Q,S,P,S,S,L,S,A,S,V,G,D,R,V,T,I,T,C,Q,A,S,Q,D,I,-,-,-,-,-,-,S,N,Y,L,N,W,Y,Q,Q,K,P,G,K,A,P,K,L,L,I,Y,D,A,-,-,-,-,-,-,-,S,N,L,E,T,G,V,P,-,S,R,F,S,G,S,G,-,-,S,G,T,D,F,T,F,T,I,S,S,L,Q,P,E,D,I,A,T,Y,Y,C,Q,Q,-,-,-,-,-,-,-,-,-,Y,D
IGKV1D-37*01,0,human,K,5e-49,156.6,0,91,,,0.00,,0.00,D,I,Q,L,T,Q,S,P,S,S,L,S,A,S,V,G,D,R,V,T,I,T,C,R,V,S,Q,G,I,-,-,-,-,-,-,S,S,Y,L,N,W,Y,R,Q,K,P,G,K,V,P,K,L,L,I,Y,S,A,-,-,-,-,-,-,-,S,N,L,Q,S,G,V,P,-,S,R,F,S,G,S,G,-,-,S,G,T,D,F,T,L,T,I,S,S,L,Q,P,E,D,V,A,T,Y,Y,G,Q,R,-,-,-,-,-,-,-,-,-,T,Y
IGKV1D-39*01,0,human,K,2.3e-53,170.6,0,91,,,0.00,,0.00,D,I,Q,M,T,Q,S,P,S,S,L,S,A,S,V,G,D,R,V,T,I,T,C,R,A,S,Q,S,I,-,-,-,-,-,-,S,S,Y,L,N,W,Y,Q,Q,K,P,G,K,A,P,K,L,L,I,Y,A,A,-,-,-,-,-,-,-,S,S,L,Q,S,G,V,P,-,S,R,F,S,G,S,G,-,-,S,G,T,D,F,T,L,T,I,S,S,L,Q,P,E,D,F,A,T,Y,Y,C,Q,Q,-,-,-,-,-,-,-,-,-,S,Y
IGKV1D-42*01,0,human,K,3.9e-40,127.9,0,91,,,0.00,,0.00,D,I,Q,M,I,Q,S,P,S,F,L,S,A,S,V,G,D,R,V,S,I,I,C,W,A,S,E,G,I,-,-,-,-,-,-,S,S,N,L,A,W,Y,L,Q,K,P,G,K,S,P,K,L,F,L,Y,D,A,-,-,-,-,-,-,-,K,D,L,H,P,G,V,S,-,S,R,F,S,G,R,G,-,-,S,G,T,D,F,T,L,T,I,I,S,L,K,P,E,D,F,A,A,Y,Y,C,K,Q,-,-,-,-,-,-,-,-,-,D,F
IGKV1D-42*02,0,human,K,3.1e-41,131.4,0,91,,,0.00,,0.00,D,I,Q,M,T,Q,S,P,S,F,L,S,A,S,V,G,D,R,V,S,I,I,C,W,A,S,E,G,I,-,-,-,-,-,-,S,S,N,L,A,W,Y,L,Q,K,P,G,K,S,P,K,L,F,L,Y,D,A,-,-,-,-,-,-,-,K,D,L,H,P,G,V,S,-,S,R,F,S,G,R,G,-,-,S,G,T,D,F,T,L,T,I,I,S,L,K,P,E,D,F,A,A,Y,Y,C,K,Q,-,-,-,-,-,-,-,-,-,D,F
IGKV1D-43*01,0,human,K,6.6e-50,159.4,0,91,,,0.00,,0.00,A,I,R,M,T,Q,S,P,F,S,L,S,A,S,V,G,D,R,V,T,I,T,C,W,A,S,Q,G,I,-,-,-,-,-,-,S,S,Y,L,A,W,Y,Q,Q,K,P,A,K,A,P,K,L,F,I,Y,Y,A,-,-,-,-,-,-,-,S,S,L,Q,S,G,V,P,-,S,R,F,S,G,S,G,-,-,S,G,T,D,Y,T,L,T,I,S,S,L,Q,P,E,D,F,A,T,Y,Y,C,Q,Q,-,-,-,-,-,-,-,-,-,Y,Y
IGKV1D-8*01,0,human,K,1.8e-50,161.2,0,91,,,0.00,,0.00,V,I,W,M,T,Q,S,P,S,L,L,S,A,S,T,G,D,R,V,T,I,S,C,R,M,S,Q,G,I,-,-,-,-,-,-,S,S,Y,L,A,W,Y,Q,Q,K,P,G,K,A,P,E,L,L,I,Y,A,A,-,-,-,-,-,-,-,S,T,L,Q,S,G,V,P,-,S,R,F,S,G,S,G,-,-,S,G,T,D,F,T,L,T,I,S,C,L,Q,S,E,D,F,A,T,Y,Y,C,Q,Q,-,-,-,-,-,-,-,-,-,Y,Y
IGKV1D-8*02,0,human,K,1.4e-50,161.6,0,91,,,0.00,,0.00,A,I,W,M,T,Q,S,P,S,L,L,S,A,S,T,G,D,R,V,T,I,S,C,R,M,S,Q,G,I,-,-,-,-,-,-,S,S,Y,L,A,W,Y,Q,Q,K,P,G,K,A,P,E,L,L,I,Y,A,A,-,-,-,-,-,-,-,S,T,L,Q,S,G,V,P,-,S,R,F,S,G,S,G,-,-,S,G,T,D,F,T,L,T,I,S,C,L,Q,S,E,D,F,A,T,Y,Y,C,Q,Q,-,-,-,-,-,-,-,-,-,Y,Y
IGKV1D-8*03,0,human,K,1.8e-50,161.2,0,91,,,0.00,,0.00,V,I,W,M,T,Q,S,P,S,L,L,S,A,S,T,G,D,R,V,T,I,S,C,R,M,S,Q,G,I,-,-,-,-,-,-,S,S,Y,L,A,W,Y,Q,Q,K,P,G,K,A,P,E,L,L,I,Y,A,A,-,-,-,-,-,-,-,S,T,L,Q,S,G,V,P,-,S,R,F,S,G,S,G,-,-,S,G,T,D,F,T,L,T,I,S,C,L,Q,S,E,D,F,A,T,Y,Y,C,Q,Q,-,-,-,-,-,-,-,-,-,Y,Y
IGKV2-18*01,0,rhesus,K,3.5e-49,157.2,0,96,,,0.00,,0.00,D,I,V,M,T,Q,T,P,P,S,L,P,V,N,P,G,E,P,A,S,I,S,C,R,S,S,Q,S,L,L,H,S,-,N,G,Y,T,Y,L,H,W,Y,L,Q,K,P,G,Q,S,P,Q,L,L,I,Y,R,V,-,-,-,-,-,-,-,S,N,H,L,S,G,V,P,-,D,R,F,S,G,S,G,-,-,S,G,S,D,F,T,L,K,I,S,W,V,E,A,E,D,V,G,V,Y,Y,C,M,Q,-,-,-,-,-,-,-,-,-,A,T
IGKV2-24*01,0,human,K,1e-49,158.9,0,96,,,0.00,,0.00,D,I,V,M,T,Q,T,P,L,S,S,P,V,T,L,G,Q,P,A,S,I,S,C,R,S,S,Q,S,L,V,H,S,-,D,G,N,T,Y,L,S,W,L,Q,Q,R,P,G,Q,P,P,R,L,L,I,Y,K,I,-,-,-,-,-,-,-,S,N,R,F,S,G,V,P,-,D,R,F,S,G,S,G,-,-,A,G,T,D,F,T,L,K,I,S,R,V,E,A,E,D,V,G,V,Y,Y,C,M,Q,-,-,-,-,-,-,-,-,-,A,T
IGKV2-28*01,0,pig,K,1.2e-52,168.3,0,96,,,0.00,,0.00,D,I,V,M,T,Q,S,P,L,S,L,P,V,T,P,G,E,P,A,S,I,S,C,R,S,S,Q,S,L,L,H,S,-,N,G,Y,N,Y,L,D,W,Y,L,Q,K,P,G,Q,S,P,Q,L,L,I,Y,L,G,-,-,-,-,-,-,-,S,N,R,A,S,G,V,P,-,D,R,F,S,G,S,G,-,-,S,G,T,D,F,T,L,K,I,S,R,V,E,A,E,D,V,G,V,Y,Y,C,M,Q,-,-,-,-,-,-,-,-,-,A,L
IGKV2-29*01,0,rhesus,K,5.3e-49,156.7,0,90,,,0.00,,0.00,D,I,V,M,T,Q,T,P,L,S,L,S,V,T,P,G,Q,P,A,S,I,S,C,K,S,S,Q,S,L,L,H,S,-,D,G,K,T,Y,L,Y,W,Y,L,Q,K,P,G,Q,S,P,Q,L,L,I,Y,E,V,-,-,-,-,-,-,-,S,S,R,F,S,G,V,P,-,D,R,F,S,G,S,G,-,-,S,G,T,D,F,T,L,K,I,S,R,V,E,A,E,D,V,G,V,Y,-,-,-,-,-,-,-,-,-,-,-,-,-,-,-
IGKV2-29*02,0,human,K,1.4e-51,164.8,0,96,,,0.00,,0.00,D,I,V,M,T,Q,T,P,L,S,L,S,V,T,P,G,Q,P,A,S,I,S,C,K,S,S,Q,S,L,L,H,S,-,D,G,K,T,Y,L,Y,W,Y,L,Q,K,P,G,Q,S,P,Q,L,L,I,Y,E,V,-,-,-,-,-,-,-,S,S,R,F,S,G,V,P,-,D,R,F,S,G,S,G,-,-,S,G,T,D,F,T,L,K,I,S,R,V,E,A,E,D,V,G,V,Y,Y,C,M,Q,-,-,-,-,-,-,-,-,-,G,I
IGKV2-29*03,0,human,K,1.4e-51,164.8,0,96,,,0.00,,0.00,D,I,V,M,T,Q,T,P,L,S,L,S,V,T,P,G,Q,P,A,S,I,S,C,K,S,S,Q,S,L,L,H,S,-,D,G,K,T,Y,L,Y,W,Y,L,Q,K,P,G,Q,S,P,Q,L,L,I,Y,E,V,-,-,-,-,-,-,-,S,S,R,F,S,G,V,P,-,D,R,F,S,G,S,G,-,-,S,G,T,D,F,T,L,K,I,S,R,V,E,A,E,D,V,G,V,Y,Y,C,M,Q,-,-,-,-,-,-,-,-,-,G,I
IGKV2-30*01,0,rhesus,K,6.7e-52,166.0,0,96,,,0.00,,0.00,D,V,V,M,T,Q,S,P,L,S,L,P,V,T,L,G,Q,P,A,S,I,S,C,R,S,S,Q,S,L,V,Y,S,-,D,G,N,T,Y,L,N,W,F,Q,Q,R,P,G,Q,S,P,R,R,L,I,Y,K,V,-,-,-,-,-,-,-,S,N,R,D,S,G,V,P,-,D,R,F,S,G,S,G,-,-,S,G,T,D,F,T,L,K,I,S,R,V,E,A,E,D,V,G,V,Y,Y,C,M,Q,-,-,-,-,-,-,-,-,-,G,T
IGKV2-30*02,0,rhesus,K,5.5e-52,166.3,0,96,,,0.00,,0.00,D,V,V,M,T,Q,S,P,L,S,L,P,V,T,L,G,Q,P,A,S,I,S,C,R,S,S,Q,S,L,V,H,S,-,D,G,N,T,Y,L,N,W,F,Q,Q,R,P,G,Q,S,P,R,R,L,I,Y,K,V,-,-,-,-,-,-,-,S,N,R,D,S,G,V,P,-,D,R,F,S,G,S,G,-,-,S,G,T,D,F,T,L,K,I,S,R,V,E,A,E,D,V,G,V,Y,Y,C,M,Q,-,-,-,-,-,-,-,-,-,G,T
IGKV2-4*01,0,pig,K,2.5e-42,135.0,0,95,,,0.00,,0.00,D,I,V,M,T,Q,H,L,L,S,L,P,I,P,L,G,E,P,A,S,I,S,C,R,S,S,Q,S,L,L,H,S,-,D,G,N,T,Y,L,D,W,Y,L,Q,K,P,G,Q,S,P,Q,L,L,I,Y,T,I,-,-,-,-,-,-,-,S,N,K,F,Y,G,V,P,-,N,K,F,S,G,S,R,-,-,S,G,T,G,F,T,L,K,F,S,K,V,E,A,E,D,V,G,V,Y,C,C,E,Q,-,-,-,-,-,-,-,-,-,-,G
IGKV2-40*01,0,human,K,1.6e-52,167.9,0,97,,,0.00,,0.00,D,I,V,M,T,Q,T,P,L,S,L,P,V,T,P,G,E,P,A,S,I,S,C,R,S,S,Q,S,L,L,D,S,D,D,G,N,T,Y,L,D,W,Y,L,Q,K,P,G,Q,S,P,Q,L,L,I,Y,T,L,-,-,-,-,-,-,-,S,Y,R,A,S,G,V,P,-,D,R,F,S,G,S,G,-,-,S,G,T,D,F,T,L,K,I,S,R,V,E,A,E,D,V,G,V,Y,Y,C,M,Q,-,-,-,-,-,-,-,-,-,R,I
IGKV2-40*02,0,human,K,8.3e-40,126.8,0,79,,,0.00,,0.00,-,-,-,-,-,-,-,-,-,-,-,-,-,-,-,-,-,-,A,S,I,S,C,R,S,S,Q,S,L,L,D,S,D,D,G,N,T,Y,L,D,C,Y,L,Q,K,P,G,Q,S,P,Q,L,L,I,Y,T,L,-,-,-,-,-,-,-,S,Y,R,A,S,G,V,P,-,D,R,F,S,D,S,G,-,-,S,G,T,D,F,T,L,K,I,S,R,V,E,A,E,D,V,G,V,Y,Y,C,M,Q,-,-,-,-,-,-,-,-,-,R,I
IGKV2/OR2-7D*01,0,pig,K,3e-40,128.2,0,89,,,0.00,,0.00,D,I,L,L,T,Q,T,P,L,S,L,S,I,T,P,G,E,P,A,S,I,S,C,R,S,S,R,S,L,L,H,S,-,N,G,N,T,Y,L,H,W,L,-,Q,K,P,G,Q,P,P,Q,C,L,I,C,K,V,-,-,-,-,-,-,-,S,N,R,F,S,G,V,P,-,D,R,F,S,G,S,G,-,-,S,G,I,D,F,T,L,K,I,S,P,V,E,A,A,D,V,G,V,Y,-,-,-,-,-,-,-,-,-,-,-,-,-,-,-
IGKV2/OR22-4*01,0,rhesus,K,8e-49,156.1,0,96,,,0.00,,0.00,D,I,V,M,T,Q,T,P,L,S,L,P,V,T,P,G,E,P,A,S,I,S,C,R,S,S,E,S,L,L,D,T,D,D,E,Y,T,Y,L,N,W,Y,L,Q,K,P,G,Q,S,P,Q,L,L,I,Y,E,V,-,-,-,-,-,-,-,S,N,R,A,S,G,V,P,-,D,R,F,S,G,S,G,-,-,S,G,T,D,F,T,L,K,I,S,R,V,E,A,-,D,V,G,V,Y,Y,C,M,Q,-,-,-,-,-,-,-,-,-,A,L
IGKV2D-18*01,0,rhesus,K,2.9e-49,157.5,0,96,,,0.00,,0.00,D,I,V,M,T,Q,T,P,P,S,L,P,V,N,P,G,E,P,A,S,I,S,C,R,S,S,Q,S,L,L,H,S,-,N,G,Y,T,Y,L,H,W,Y,P,Q,K,P,G,Q,S,P,Q,L,L,I,Y,R,V,-,-,-,-,-,-,-,S,S,R,F,S,G,V,P,-,D,R,F,S,G,S,G,-,-,S,G,S,D,F,T,L,K,I,S,W,V,E,A,E,D,V,G,V,Y,Y,C,M,Q,-,-,-,-,-,-,-,-,-,A,T
IGKV2D-24*01,0,human,K,1.9e-47,151.5,0,96,,,0.00,,0.00,D,I,V,M,T,Q,T,P,L,S,S,P,V,T,L,G,Q,P,A,S,I,S,F,R,S,S,Q,S,L,V,H,S,-,D,G,N,T,Y,L,S,W,L,Q,Q,R,P,G,Q,P,P,R,L,L,I,Y,K,V,-,-,-,-,-,-,-,S,N,R,F,S,G,V,P,-,D,R,F,S,G,S,G,-,-,A,G,T,D,F,T,L,K,I,S,R,V,E,A,E,D,V,G,V,Y,Y,C,T,Q,-,-,-,-,-,-,-,-,-,A,T
IGKV2D-26*01,0,human,K,1.9e-48,154.7,0,96,,,0.00,,0.00,E,I,V,M,T,Q,T,P,L,S,L,S,I,T,P,G,E,Q,A,S,I,S,C,R,S,S,Q,S,L,L,H,S,-,D,G,Y,T,Y,L,Y,W,F,L,Q,K,A,R,P,V,S,T,L,L,I,Y,E,V,-,-,-,-,-,-,-,S,N,R,F,S,G,V,P,-,D,R,F,S,G,S,G,-,-,S,G,T,D,F,T,L,K,I,S,R,V,E,A,E,D,F,G,V,Y,Y,C,M,Q,-,-,-,-,-,-,-,-,-,D,A
IGKV2D-26*02,0,human,K,8.6e-47,149.4,0,96,,,0.00,,0.00,E,I,V,M,T,Q,T,P,L,S,L,S,I,T,P,G,E,Q,A,S,M,S,C,R,S,S,Q,S,L,L,H,S,-,D,G,Y,T,Y,L,Y,W,F,L,Q,K,A,R,P,V,S,T,L,L,I,C,E,V,-,-,-,-,-,-,-,S,N,R,F,S,G,V,P,-,D,R,F,S,G,S,G,-,-,S,G,T,D,F,T,L,K,I,S,R,V,E,A,E,D,F,G,V,Y,Y,C,M,Q,-,-,-,-,-,-,-,-,-,D,A
IGKV2D-26*03,0,human,K,6.8e-48,152.9,0,96,,,0.00,,0.00,E,I,V,M,T,Q,T,P,L,S,L,S,I,T,P,G,E,Q,A,S,M,S,C,R,S,S,Q,S,L,L,H,S,-,D,G,Y,T,Y,L,Y,W,F,L,Q,K,A,R,P,V,S,T,L,L,I,Y,E,V,-,-,-,-,-,-,-,S,N,R,F,S,G,V,P,-,D,R,F,S,G,S,G,-,-,S,G,T,D,F,T,L,K,I,S,R,V,E,A,E,D,F,G,V,Y,Y,C,M,Q,-,-,-,-,-,-,-,-,-,D,A
IGKV2D-28*01,0,pig,K,1.2e-52,168.3,0,96,,,0.00,,0.00,D,I,V,M,T,Q,S,P,L,S,L,P,V,T,P,G,E,P,A,S,I,S,C,R,S,S,Q,S,L,L,H,S,-,N,G,Y,N,Y,L,D,W,Y,L,Q,K,P,G,Q,S,P,Q,L,L,I,Y,L,G,-,-,-,-,-,-,-,S,N,R,A,S,G,V,P,-,D,R,F,S,G,S,G,-,-,S,G,T,D,F,T,L,K,I,S,R,V,E,A,E,D,V,G,V,Y,Y,C,M,Q,-,-,-,-,-,-,-,-,-,A,L
IGKV2D-29*01,0,human,K,1e-51,165.3,0,96,,,0.00,,0.00,D,I,V,M,T,Q,T,P,L,S,L,S,V,T,P,G,Q,P,A,S,I,S,C,K,S,S,Q,S,L,L,H,S,-,D,G,K,T,Y,L,Y,W,Y,L,Q,K,P,G,Q,P,P,Q,L,L,I,Y,E,V,-,-,-,-,-,-,-,S,N,R,F,S,G,V,P,-,D,R,F,S,G,S,G,-,-,S,G,T,D,F,T,L,K,I,S,R,V,E,A,E,D,V,G,V,Y,Y,C,M,Q,-,-,-,-,-,-,-,-,-,S,I
IGKV2D-29*02,0,human,K,5.5e-52,166.2,0,96,,,0.00,,0.00,D,I,V,M,T,Q,T,P,L,S,L,S,V,T,P,G,Q,P,A,S,I,S,C,K,S,S,Q,S,L,L,H,S,-,D,G,K,T,Y,L,Y,W,Y,L,Q,K,P,G,Q,S,P,Q,L,L,I,Y,E,V,-,-,-,-,-,-,-,S,N,R,F,S,G,V,P,-,D,R,F,S,G,S,G,-,-,S,G,T,D,F,T,L,K,I,S,R,V,E,A,E,D,V,G,V,Y,Y,C,M,Q,-,-,-,-,-,-,-,-,-,S,I
IGKV2D-30*01,0,human,K,2.9e-51,163.9,0,96,,,0.00,,0.00,D,V,V,M,T,Q,S,P,L,S,L,P,V,T,L,G,Q,P,A,S,I,S,C,R,S,S,Q,S,L,V,Y,S,-,D,G,N,T,Y,L,N,W,F,Q,Q,R,P,G,Q,S,P,R,R,L,I,Y,K,V,-,-,-,-,-,-,-,S,N,W,D,S,G,V,P,-,D,R,F,S,G,S,G,-,-,S,G,T,D,F,T,L,K,I,S,R,V,E,A,E,D,V,G,V,Y,Y,C,M,Q,-,-,-,-,-,-,-,-,-,G,T
IGKV2D-40*01,0,human,K,1.6e-52,167.9,0,97,,,0.00,,0.00,D,I,V,M,T,Q,T,P,L,S,L,P,V,T,P,G,E,P,A,S,I,S,C,R,S,S,Q,S,L,L,D,S,D,D,G,N,T,Y,L,D,W,Y,L,Q,K,P,G,Q,S,P,Q,L,L,I,Y,T,L,-,-,-,-,-,-,-,S,Y,R,A,S,G,V,P,-,D,R,F,S,G,S,G,-,-,S,G,T,D,F,T,L,K,I,S,R,V,E,A,E,D,V,G,V,Y,Y,C,M,Q,-,-,-,-,-,-,-,-,-,R,I
IGKV3-11*01,0,human,K,2.3e-51,164.2,0,91,,,0.00,,0.00,E,I,V,L,T,Q,S,P,A,T,L,S,L,S,P,G,E,R,A,T,L,S,C,R,A,S,Q,S,V,-,-,-,-,-,-,S,S,Y,L,A,W,Y,Q,Q,K,P,G,Q,A,P,R,L,L,I,Y,D,A,-,-,-,-,-,-,-,S,N,R,A,T,G,I,P,-,A,R,F,S,G,S,G,-,-,S,G,T,D,F,T,L,T,I,S,S,L,E,P,E,D,F,A,V,Y,Y,C,Q,Q,-,-,-,-,-,-,-,-,-,R,S
IGKV3-11*02,0,human,K,3.2e-50,160.5,0,91,,,0.00,,0.00,E,I,V,L,T,Q,S,P,A,T,L,S,L,S,P,G,E,R,A,T,L,S,C,R,A,S,Q,S,V,-,-,-,-,-,-,S,S,Y,L,A,W,Y,Q,Q,K,P,G,Q,A,P,R,L,L,I,Y,D,A,-,-,-,-,-,-,-,S,N,R,A,T,G,I,P,-,A,R,F,S,G,S,G,-,-,S,G,R,D,F,T,L,T,I,S,S,L,E,P,E,D,F,A,V,Y,Y,C,Q,Q,-,-,-,-,-,-,-,-,-,R,S
IGKV3-15*01,0,human,K,6.7e-51,162.7,0,91,,,0.00,,0.00,E,I,V,M,T,Q,S,P,A,T,L,S,V,S,P,G,E,R,A,T,L,S,C,R,A,S,Q,S,V,-,-,-,-,-,-,S,S,N,L,A,W,Y,Q,Q,K,P,G,Q,A,P,R,L,L,I,Y,G,A,-,-,-,-,-,-,-,S,T,R,A,T,G,I,P,-,A,R,F,S,G,S,G,-,-,S,G,T,E,F,T,L,T,I,S,S,L,Q,S,E,D,F,A,V,Y,Y,C,Q,Q,-,-,-,-,-,-,-,-,-,Y,N
IGKV3-20*01,0,human,K,5.8e-51,162.9,0,92,,,0.00,,0.00,E,I,V,L,T,Q,S,P,G,T,L,S,L,S,P,G,E,R,A,T,L,S,C,R,A,S,Q,S,V,S,-,-,-,-,-,S,S,Y,L,A,W,Y,Q,Q,K,P,G,Q,A,P,R,L,L,I,Y,G,A,-,-,-,-,-,-,-,S,S,R,A,T,G,I,P,-,D,R,F,S,G,S,G,-,-,S,G,T,D,F,T,L,T,I,S,R,L,E,P,E,D,F,A,V,Y,Y,C,Q,Q,-,-,-,-,-,-,-,-,-,Y,G
IGKV3-20*02,0,human,K,1.8e-49,158.0,0,86,,,0.00,,0.00,E,I,V,L,T,Q,S,P,A,T,L,S,L,S,P,G,E,R,A,T,L,S,C,R,A,S,Q,S,V,S,-,-,-,-,-,S,S,Y,L,A,W,Y,Q,Q,K,P,G,Q,A,P,R,L,L,I,Y,G,A,-,-,-,-,-,-,-,S,S,R,A,T,G,I,P,-,A,R,F,S,G,S,G,-,-,S,G,T,D,F,T,L,T,I,S,R,L,E,P,E,D,F,A,V,Y,-,-,-,-,-,-,-,-,-,-,-,-,-,-,-
IGKV3-7*01,0,human,K,4.2e-50,160.1,0,92,,,0.00,,0.00,E,I,V,M,T,Q,S,P,P,T,L,S,L,S,P,G,E,R,V,T,L,S,C,R,A,S,Q,S,V,S,-,-,-,-,-,S,S,Y,L,T,W,Y,Q,Q,K,P,G,Q,A,P,R,L,L,I,Y,G,A,-,-,-,-,-,-,-,S,T,R,A,T,S,I,P,-,A,R,F,S,G,S,G,-,-,S,G,T,D,F,T,L,T,I,S,S,L,Q,P,E,D,F,A,V,Y,Y,C,Q,Q,-,-,-,-,-,-,-,-,-,D,H
IGKV3-7*02,0,human,K,2.4e-51,164.1,0,92,,,0.00,,0.00,E,I,V,M,T,Q,S,P,P,T,L,S,L,S,P,G,E,R,V,T,L,S,C,R,A,S,Q,S,V,S,-,-,-,-,-,S,S,Y,L,S,W,Y,Q,Q,K,P,G,Q,A,P,R,L,L,I,Y,G,A,-,-,-,-,-,-,-,S,T,R,A,T,G,I,P,-,A,R,F,S,G,S,G,-,-,S,G,T,D,F,T,L,T,I,S,S,L,Q,P,E,D,F,A,V,Y,Y,C,Q,Q,-,-,-,-,-,-,-,-,-,D,Y
IGKV3-7*03,0,human,K,5.4e-49,156.5,0,92,,,0.00,,0.00,E,I,V,M,T,Q,S,P,P,T,L,S,L,S,P,G,E,R,V,T,L,S,C,R,A,S,Q,S,V,S,-,-,-,-,-,S,S,Y,L,T,W,Y,Q,Q,K,P,G,Q,A,P,R,L,L,I,Y,G,A,-,-,-,-,-,-,-,S,T,R,A,T,S,I,P,-,A,R,F,S,G,S,G,-,-,S,G,R,D,F,T,L,T,I,S,S,L,Q,P,E,D,F,A,V,Y,Y,C,Q,Q,-,-,-,-,-,-,-,-,-,D,H
IGKV3-7*04,0,human,K,4.2e-50,160.1,0,92,,,0.00,,0.00,E,I,V,M,T,Q,S,P,P,T,L,S,L,S,P,G,E,R,V,T,L,S,C,R,A,S,Q,S,V,S,-,-,-,-,-,S,S,Y,L,T,W,Y,Q,Q,K,P,G,Q,A,P,R,L,L,I,Y,G,A,-,-,-,-,-,-,-,S,T,R,A,T,S,I,P,-,A,R,F,S,G,S,G,-,-,S,G,T,D,F,T,L,T,I,S,S,L,Q,P,E,D,F,A,V,Y,Y,C,Q,Q,-,-,-,-,-,-,-,-,-,D,Y
IGKV3/OR2-268*01,0,human,K,1.3e-51,164.9,0,92,,,0.00,,0.00,E,I,V,M,T,Q,S,P,A,T,L,S,L,S,P,G,E,R,A,T,L,S,C,R,A,S,Q,S,V,S,-,-,-,-,-,S,S,Y,L,S,W,Y,Q,Q,K,P,G,Q,A,P,R,L,L,I,Y,G,A,-,-,-,-,-,-,-,S,T,R,A,T,G,I,P,-,A,R,F,S,G,S,G,-,-,S,G,T,D,F,T,L,T,I,S,S,L,Q,P,E,D,F,A,V,Y,Y,C,Q,Q,-,-,-,-,-,-,-,-,-,D,Y
IGKV3/OR2-268*02,0,human,K,1.3e-51,164.9,0,92,,,0.00,,0.00,E,I,V,M,T,Q,S,P,A,T,L,S,L,S,P,G,E,R,A,T,L,S,C,R,A,S,Q,S,V,S,-,-,-,-,-,S,S,Y,L,S,W,Y,Q,Q,K,P,G,Q,A,P,R,L,L,I,Y,G,A,-,-,-,-,-,-,-,S,T,R,A,T,G,I,P,-,A,R,F,S,G,S,G,-,-,S,G,T,D,F,T,L,T,I,S,S,L,Q,P,E,D,F,A,V,Y,Y,C,Q,Q,-,-,-,-,-,-,-,-,-,D,Y
IGKV3D-11*01,0,human,K,2.2e-50,161.0,0,91,,,0.00,,0.00,E,I,V,L,T,Q,S,P,A,T,L,S,L,S,P,G,E,R,A,T,L,S,C,R,A,S,Q,G,V,-,-,-,-,-,-,S,S,Y,L,A,W,Y,Q,Q,K,P,G,Q,A,P,R,L,L,I,Y,D,A,-,-,-,-,-,-,-,S,N,R,A,T,G,I,P,-,A,R,F,S,G,S,G,-,-,P,G,T,D,F,T,L,T,I,S,S,L,E,P,E,D,F,A,V,Y,Y,C,Q,Q,-,-,-,-,-,-,-,-,-,R,S
IGKV3D-11*02,0,human,K,1.3e-50,161.7,0,91,,,0.00,,0.00,E,I,V,L,T,Q,S,P,A,T,L,S,L,S,P,G,E,R,A,T,L,S,C,R,A,S,Q,S,V,-,-,-,-,-,-,S,S,Y,L,A,W,Y,Q,Q,K,P,G,Q,A,P,R,L,L,I,Y,D,A,-,-,-,-,-,-,-,S,N,R,A,T,G,I,P,-,A,R,F,S,G,S,G,-,-,P,G,T,D,F,T,L,T,I,S,S,L,E,P,E,D,F,A,V,Y,Y,C,Q,Q,-,-,-,-,-,-,-,-,-,R,S
IGKV3D-11*03,0,human,K,7.8e-50,159.2,0,91,,,0.00,,0.00,E,I,V,L,T,Q,S,P,A,T,L,S,L,S,P,G,E,R,A,T,L,S,C,R,A,S,Q,G,V,-,-,-,-,-,-,S,S,N,L,A,W,Y,Q,Q,K,P,G,Q,A,P,R,L,L,I,Y,D,A,-,-,-,-,-,-,-,S,N,R,A,T,G,I,P,-,A,R,F,S,G,S,G,-,-,P,G,T,D,F,T,L,T,I,S,S,L,E,P,E,D,F,A,V,Y,Y,C,Q,Q,-,-,-,-,-,-,-,-,-,R,S
IGKV3D-15*01,0,human,K,6.7e-51,162.7,0,91,,,0.00,,0.00,E,I,V,M,T,Q,S,P,A,T,L,S,V,S,P,G,E,R,A,T,L,S,C,R,A,S,Q,S,V,-,-,-,-,-,-,S,S,N,L,A,W,Y,Q,Q,K,P,G,Q,A,P,R,L,L,I,Y,G,A,-,-,-,-,-,-,-,S,T,R,A,T,G,I,P,-,A,R,F,S,G,S,G,-,-,S,G,T,E,F,T,L,T,I,S,S,L,Q,S,E,D,F,A,V,Y,Y,C,Q,Q,-,-,-,-,-,-,-,-,-,Y,N
IGKV3D-15*02,0,human,K,9.2e-50,159.0,0,91,,,0.00,,0.00,E,I,V,M,M,Q,S,P,A,T,L,S,V,S,P,G,E,R,A,T,L,S,C,R,A,S,Q,S,V,-,-,-,-,-,-,S,S,N,L,A,W,Y,Q,Q,K,P,G,Q,A,P,R,L,L,I,Y,G,A,-,-,-,-,-,-,-,S,T,R,A,T,G,I,P,-,A,R,F,S,G,S,G,-,-,S,G,T,E,F,T,L,T,I,S,S,L,Q,S,E,D,F,A,V,Y,Y,C,Q,Q,-,-,-,-,-,-,-,-,-,Y,N
IGKV3D-15*03,0,human,K,7.8e-50,159.2,0,91,,,0.00,,0.00,E,I,V,M,T,Q,S,P,A,T,L,S,V,S,P,G,E,R,A,T,L,S,C,R,A,S,Q,S,V,-,-,-,-,-,-,S,S,N,L,A,W,Y,Q,Q,K,P,G,Q,A,P,R,L,L,I,Y,G,A,-,-,-,-,-,-,-,S,I,R,A,T,G,I,P,-,A,R,F,S,G,S,G,-,-,S,G,T,E,F,T,L,T,I,S,I,L,Q,S,E,D,F,A,V,Y,Y,C,Q,Q,-,-,-,-,-,-,-,-,-,Y,N
IGKV3D-20*01,0,human,K,8.3e-50,159.1,0,92,,,0.00,,0.00,E,I,V,L,T,Q,S,P,A,T,L,S,L,S,P,G,E,R,A,T,L,S,C,G,A,S,Q,S,V,S,-,-,-,-,-,S,S,Y,L,A,W,Y,Q,Q,K,P,G,L,A,P,R,L,L,I,Y,D,A,-,-,-,-,-,-,-,S,S,R,A,T,G,I,P,-,D,R,F,S,G,S,G,-,-,S,G,T,D,F,T,L,T,I,S,R,L,E,P,E,D,F,A,V,Y,Y,C,Q,Q,-,-,-,-,-,-,-,-,-,Y,G
IGKV3D-20*02,0,human,K,6.3e-52,166.0,0,92,,,0.00,,0.00,E,I,V,L,T,Q,S,P,A,T,L,S,L,S,P,G,E,R,A,T,L,S,C,R,A,S,Q,S,V,S,-,-,-,-,-,S,S,Y,L,A,W,Y,Q,Q,K,P,G,Q,A,P,R,L,L,I,Y,D,A,-,-,-,-,-,-,-,S,S,R,A,T,G,I,P,-,D,R,F,S,G,S,G,-,-,S,G,T,D,F,T,L,T,I,S,R,L,E,P,E,D,F,A,V,Y,Y,C,Q,Q,-,-,-,-,-,-,-,-,-,R,S
IGKV3D-7*01,0,human,K,1.3e-51,164.9,0,92,,,0.00,,0.00,E,I,V,M,T,Q,S,P,A,T,L,S,L,S,P,G,E,R,A,T,L,S,C,R,A,S,Q,S,V,S,-,-,-,-,-,S,S,Y,L,S,W,Y,Q,Q,K,P,G,Q,A,P,R,L,L,I,Y,G,A,-,-,-,-,-,-,-,S,T,R,A,T,G,I,P,-,A,R,F,S,G,S,G,-,-,S,G,T,D,F,T,L,T,I,S,S,L,Q,P,E,D,F,A,V,Y,Y,C,Q,Q,-,-,-,-,-,-,-,-,-,D,Y
IGKV4-1*01,0,human,K,7.1e-55,175.5,0,97,,,0.00,,0.00,D,I,V,M,T,Q,S,P,D,S,L,A,V,S,L,G,E,R,A,T,I,N,C,K,S,S,Q,S,V,L,Y,S,S,N,N,K,N,Y,L,A,W,Y,Q,Q,K,P,G,Q,P,P,K,L,L,I,Y,W,A,-,-,-,-,-,-,-,S,T,R,E,S,G,V,P,-,D,R,F,S,G,S,G,-,-,S,G,T,D,F,T,L,T,I,S,S,L,Q,A,E,D,V,A,V,Y,Y,C,Q,Q,-,-,-,-,-,-,-,-,-,Y,Y
IGKV5-2*01,0,human,K,3.2e-42,134.6,0,91,,,0.00,,0.00,E,T,T,L,T,Q,S,P,A,F,M,S,A,T,P,G,D,K,V,N,I,S,C,K,A,S,Q,D,I,-,-,-,-,-,-,D,D,D,M,N,W,Y,Q,Q,K,P,G,E,A,A,I,F,I,I,Q,E,A,-,-,-,-,-,-,-,T,T,L,V,P,G,I,P,-,P,R,F,S,G,S,G,-,-,Y,G,T,D,F,T,L,T,I,N,N,I,E,S,E,D,A,A,Y,Y,F,C,L,Q,-,-,-,-,-,-,-,-,-,H,D
IGKV6-21*01,0,human,K,2.3e-47,151.2,0,91,,,0.00,,0.00,E,I,V,L,T,Q,S,P,D,F,Q,S,V,T,P,K,E,K,V,T,I,T,C,R,A,S,Q,S,I,-,-,-,-,-,-,G,S,S,L,H,W,Y,Q,Q,K,P,D,Q,S,P,K,L,L,I,K,Y,A,-,-,-,-,-,-,-,S,Q,S,F,S,G,V,P,-,S,R,F,S,G,S,G,-,-,S,G,T,D,F,T,L,T,I,N,S,L,E,A,E,D,A,A,T,Y,Y,C,H,Q,-,-,-,-,-,-,-,-,-,S,S
IGKV6-21*02,0,human,K,4.1e-47,150.4,0,91,,,0.00,,0.00,E,I,V,L,T,Q,S,P,D,F,Q,S,V,T,P,K,E,K,V,T,I,T,C,R,A,S,Q,S,I,-,-,-,-,-,-,G,S,S,L,H,W,Y,Q,Q,K,P,D,Q,S,P,K,L,L,I,K,Y,A,-,-,-,-,-,-,-,S,Q,S,I,S,G,V,P,-,S,R,F,S,G,S,G,-,-,S,G,T,D,F,T,L,T,I,N,S,L,E,A,E,D,A,A,T,Y,Y,C,H,Q,-,-,-,-,-,-,-,-,-,S,S
IGKV6D-21*01,0,human,K,2.3e-47,151.2,0,91,,,0.00,,0.00,E,I,V,L,T,Q,S,P,D,F,Q,S,V,T,P,K,E,K,V,T,I,T,C,R,A,S,Q,S,I,-,-,-,-,-,-,G,S,S,L,H,W,Y,Q,Q,K,P,D,Q,S,P,K,L,L,I,K,Y,A,-,-,-,-,-,-,-,S,Q,S,F,S,G,V,P,-,S,R,F,S,G,S,G,-,-,S,G,T,D,F,T,L,T,I,N,S,L,E,A,E,D,A,A,T,Y,Y,C,H,Q,-,-,-,-,-,-,-,-,-,S,S
IGKV6D-21*02,0,human,K,9.6e-47,149.2,0,91,,,0.00,,0.00,E,I,V,L,T,Q,S,P,D,F,Q,S,V,T,P,K,E,K,V,T,I,T,C,R,A,S,Q,S,I,-,-,-,-,-,-,G,S,S,L,H,W,Y,Q,Q,K,P,D,Q,S,P,K,L,L,I,K,Y,A,-,-,-,-,-,-,-,S,Q,S,I,S,G,V,P,-,S,R,F,S,G,S,G,-,-,S,G,T,D,F,T,L,T,I,N,S,L,E,A,E,D,A,A,A,Y,Y,C,H,Q,-,-,-,-,-,-,-,-,-,S,S
IGKV6D-41*01,0,human,K,9.2e-48,152.5,0,91,,,0.00,,0.00,D,V,V,M,T,Q,S,P,A,F,L,S,V,T,P,G,E,K,V,T,I,T,C,Q,A,S,E,G,I,-,-,-,-,-,-,G,N,Y,L,Y,W,Y,Q,Q,K,P,D,Q,A,P,K,L,L,I,K,Y,A,-,-,-,-,-,-,-,S,Q,S,I,S,G,V,P,-,S,R,F,S,G,S,G,-,-,S,G,T,D,F,T,F,T,I,S,S,L,E,A,E,D,A,A,T,Y,Y,C,Q,Q,-,-,-,-,-,-,-,-,-,G,N
IGKV7-3*01,0,pig,K,1.2e-46,149.0,0,95,,,0.00,,0.00,D,I,V,L,T,Q,S,P,A,S,L,A,V,S,P,G,Q,R,A,T,I,T,C,R,A,S,E,S,V,S,F,-,-,L,G,I,N,L,I,H,W,Y,Q,Q,K,P,G,Q,P,P,K,L,L,I,Y,Q,A,-,-,-,-,-,-,-,S,N,K,D,T,G,V,P,-,A,R,F,S,G,S,G,-,-,S,G,T,D,F,T,L,T,I,N,P,V,E,A,N,D,T,A,N,Y,Y,C,L,Q,-,-,-,-,-,-,-,-,-,S,K
IGLV1-36*01,0,rhesus,L,3e-44,141.5,0,92,,,0.00,,0.00,Q,S,V,L,T,Q,P,P,S,-,V,S,E,A,P,R,Q,R,V,T,I,S,C,S,G,S,S,S,N,I,-,-,-,-,G,N,N,A,V,N,W,Y,Q,Q,L,P,G,K,A,P,K,L,L,I,Y,Y,D,-,-,-,-,-,-,-,D,L,L,P,S,G,V,S,-,D,R,F,S,G,S,K,-,-,S,G,T,S,A,S,L,A,I,S,G,L,Q,S,E,D,E,A,D,Y,Y,C,A,A,-,-,-,-,-,-,-,-,-,W,D
IGLV1-40*01,0,rhesus,L,2.5e-47,151.4,0,93,,,0.00,,0.00,Q,S,V,L,T,Q,P,P,S,-,V,S,G,A,P,G,Q,R,V,T,I,S,C,T,G,S,S,S,N,I,G,-,-,-,A,G,Y,D,V,H,W,Y,Q,Q,L,P,G,T,A,P,K,L,L,I,Y,G,N,-,-,-,-,-,-,-,S,N,R,P,S,G,V,P,-,D,R,F,S,G,S,K,-,-,S,G,T,S,A,S,L,A,I,T,G,L,Q,A,E,D,E,A,D,Y,Y,C,Q,S,-,-,-,-,-,-,-,-,-,Y,D
IGLV1-40*02,0,rhesus,L,5.2e-47,150.4,0,93,,,0.00,,0.00,Q,S,V,V,T,Q,P,P,S,-,V,S,G,A,P,G,Q,R,V,T,I,S,C,T,G,S,S,S,N,I,G,-,-,-,A,G,Y,D,V,H,W,Y,Q,Q,L,P,G,T,A,P,K,L,L,I,Y,G,N,-,-,-,-,-,-,-,S,N,R,P,S,G,V,P,-,D,R,F,S,G,S,K,-,-,S,G,T,S,A,S,L,A,I,T,G,L,Q,A,E,D,E,A,D,Y,Y,C,Q,S,-,-,-,-,-,-,-,-,-,Y,D
IGLV1-40*03,0,rhesus,L,8e-47,149.8,0,93,,,0.00,,0.00,Q,S,V,V,T,Q,P,P,S,-,V,S,G,A,P,G,Q,R,V,T,I,S,C,T,G,S,S,S,N,I,G,-,-,-,A,G,Y,D,V,H,W,Y,Q,Q,L,P,G,T,A,P,K,L,L,I,Y,G,N,-,-,-,-,-,-,-,S,N,R,P,S,G,V,P,-,D,R,F,S,G,S,K,-,-,S,G,A,S,A,S,L,A,I,T,G,L,Q,A,E,D,E,A,D,Y,Y,C,Q,S,-,-,-,-,-,-,-,-,-,Y,D
IGLV1-41*01,0,rhesus,L,1.6e-45,145.6,0,92,,,0.00,,0.00,Q,S,V,L,T,Q,P,P,S,-,V,S,A,A,P,G,Q,K,V,T,I,S,C,S,G,S,S,S,D,M,-,-,-,-,G,N,Y,A,V,S,W,Y,Q,Q,L,P,G,T,A,P,K,L,L,I,Y,E,N,-,-,-,-,-,-,-,N,K,R,P,S,G,I,P,-,D,R,F,S,G,S,K,-,-,S,G,T,S,A,T,L,G,I,T,G,L,W,P,E,D,E,A,D,Y,Y,C,L,A,-,-,-,-,-,-,-,-,-,W,D
IGLV1-41*02,0,rhesus,L,2.1e-42,135.6,0,91,,,0.00,,0.00,Q,S,V,L,T,Q,P,P,S,-,V,S,A,A,P,G,Q,K,V,T,I,S,C,S,G,S,S,S,D,M,-,-,-,-,G,N,Y,A,V,S,W,Y,Q,Q,L,P,G,T,A,P,K,L,L,I,Y,E,N,-,-,-,-,-,-,-,N,K,R,P,S,G,I,P,-,D,R,F,S,G,S,K,-,-,S,G,T,S,A,T,L,G,I,T,G,L,W,P,E,D,-,A,D,Y,Y,C,L,A,-,-,-,-,-,-,-,-,-,W,D
IGLV1-44*01,0,rhesus,L,9e-47,149.6,0,92,,,0.00,,0.00,Q,S,V,L,T,Q,P,P,S,-,A,S,G,T,P,G,Q,R,V,T,I,S,C,S,G,S,S,S,N,I,-,-,-,-,G,S,N,T,V,N,W,Y,Q,Q,L,P,G,T,A,P,K,L,L,I,Y,S,N,-,-,-,-,-,-,-,N,Q,R,P,S,G,V,P,-,D,R,F,S,G,S,K,-,-,S,G,T,S,A,S,L,A,I,S,G,L,Q,S,E,D,E,A,D,Y,Y,C,A,A,-,-,-,-,-,-,-,-,-,W,D
IGLV1-47*01,0,rhesus,L,7.9e-47,149.8,0,92,,,0.00,,0.00,Q,S,V,L,T,Q,P,P,S,-,A,S,G,T,P,G,Q,R,V,T,I,S,C,S,G,S,S,S,N,I,-,-,-,-,G,S,N,Y,V,Y,W,Y,Q,Q,L,P,G,T,A,P,K,L,L,I,Y,R,N,-,-,-,-,-,-,-,N,Q,R,P,S,G,V,P,-,D,R,F,S,G,S,K,-,-,S,G,T,S,A,S,L,A,I,S,G,L,R,S,E,D,E,A,D,Y,Y,C,A,A,-,-,-,-,-,-,-,-,-,W,D
IGLV1-47*02,0,rhesus,L,1.1e-46,149.4,0,92,,,0.00,,0.00,Q,S,V,L,T,Q,P,P,S,-,A,S,G,T,P,G,Q,R,V,T,I,S,C,S,G,S,S,S,N,I,-,-,-,-,G,S,N,Y,V,Y,W,Y,Q,Q,L,P,G,T,A,P,K,L,L,I,Y,S,N,-,-,-,-,-,-,-,N,Q,R,P,S,G,V,P,-,D,R,F,S,G,S,K,-,-,S,G,T,S,A,S,L,A,I,S,G,L,R,S,E,D,E,A,D,Y,Y,C,A,A,-,-,-,-,-,-,-,-,-,W,D
IGLV1-47*03,0,rhesus,L,4.8e-46,147.3,0,92,,,0.00,,0.00,Q,S,V,L,T,Q,P,P,S,-,A,S,G,T,P,G,Q,R,V,T,I,S,C,S,G,S,S,S,N,I,-,-,-,-,G,S,N,Y,V,Y,W,Y,Q,Q,L,P,G,T,A,P,K,L,L,I,Y,R,N,-,-,-,-,-,-,-,N,Q,R,P,S,G,V,P,-,D,R,F,S,G,S,K,-,-,S,G,T,S,A,S,L,A,I,S,G,L,W,S,E,D,E,A,D,Y,Y,C,A,A,-,-,-,-,-,-,-,-,-,W,D
IGLV1-50*01,0,rhesus,L,1.7e-46,148.8,0,93,,,0.00,,0.00,Q,S,V,L,T,Q,P,P,S,-,V,S,G,A,P,G,Q,R,V,T,I,S,C,T,G,S,S,S,N,I,G,-,-,-,A,G,Y,V,V,H,W,Y,Q,Q,L,P,G,T,A,P,K,L,L,I,Y,G,N,-,-,-,-,-,-,-,S,N,R,P,S,G,V,P,-,D,Q,F,S,G,S,K,-,-,S,G,T,S,A,S,L,A,I,T,G,L,Q,S,E,D,E,A,D,Y,Y,C,K,A,-,-,-,-,-,-,-,-,-,W,D
IGLV1-51*01,0,rhesus,L,2.8e-46,148.1,0,92,,,0.00,,0.00,Q,S,V,L,T,Q,P,P,S,-,V,S,A,A,P,G,Q,K,V,T,I,S,C,S,G,S,S,S,N,I,-,-,-,-,G,N,N,Y,V,S,W,Y,Q,Q,L,P,G,T,A,P,K,L,L,I,Y,D,N,-,-,-,-,-,-,-,N,K,R,P,S,G,I,P,-,D,R,F,S,G,S,K,-,-,S,G,T,S,A,T,L,G,I,T,G,L,Q,T,G,D,E,A,D,Y,Y,C,G,T,-,-,-,-,-,-,-,-,-,W,D
IGLV1-51*02,0,rhesus,L,2.1e-46,148.5,0,92,,,0.00,,0.00,Q,S,V,L,T,Q,P,P,S,-,V,S,A,A,P,G,Q,K,V,T,I,S,C,S,G,S,S,S,N,I,-,-,-,-,G,N,N,Y,V,S,W,Y,Q,Q,L,P,G,T,A,P,K,L,L,I,Y,E,N,-,-,-,-,-,-,-,N,K,R,P,S,G,I,P,-,D,R,F,S,G,S,K,-,-,S,G,T,S,A,T,L,G,I,T,G,L,Q,T,G,D,E,A,D,Y,Y,C,G,T,-,-,-,-,-,-,-,-,-,W,D
IGLV10-54*01,0,human,L,6.1e-40,127.4,0,92,,,0.00,,0.00,Q,A,G,L,T,Q,P,P,S,-,V,S,K,G,L,R,Q,T,A,T,L,T,C,T,G,N,S,N,N,V,-,-,-,-,G,N,Q,G,A,A,W,L,Q,Q,H,Q,G,H,P,P,K,L,L,S,Y,R,N,-,-,-,-,-,-,-,N,N,R,P,S,G,I,S,-,E,R,L,S,A,S,R,-,-,S,G,N,T,A,S,L,T,I,T,G,L,Q,P,E,D,E,A,D,Y,Y,C,S,A,-,-,-,-,-,-,-,-,-,W,D
IGLV10-54*02,0,human,L,1.3e-39,126.3,0,92,,,0.00,,0.00,Q,A,G,L,T,Q,P,P,S,-,V,S,K,G,L,R,Q,T,A,T,L,T,C,T,G,N,S,N,I,V,-,-,-,-,G,N,Q,G,A,A,W,L,Q,Q,H,Q,G,H,P,P,K,L,L,S,Y,R,N,-,-,-,-,-,-,-,N,N,R,P,S,G,I,S,-,E,R,F,S,A,S,R,-,-,S,G,N,T,A,S,L,T,I,T,G,L,Q,P,E,D,E,A,D,Y,Y,C,S,A,-,-,-,-,-,-,-,-,-,L,D
IGLV10-54*03,0,rhesus,L,2.4e-38,122.4,0,92,,,0.00,,0.00,Q,A,G,L,T,Q,P,P,S,-,V,S,K,G,L,R,Q,T,A,T,L,T,C,T,G,N,S,N,N,V,-,-,-,-,G,N,Q,G,A,A,W,P,E,Q,H,Q,G,H,P,P,K,L,L,S,Y,R,N,-,-,-,-,-,-,-,N,N,R,P,S,G,I,S,-,E,R,L,S,A,S,R,-,-,S,G,N,T,A,S,L,T,I,T,G,L,Q,P,E,D,E,A,D,Y,Y,C,S,A,-,-,-,-,-,-,-,-,-,W,D
IGLV11-55*01,0,rhesus,L,4.2e-43,137.8,0,99,,,0.00,,0.00,R,P,V,L,T,Q,P,P,S,-,L,S,A,S,P,G,A,T,A,R,L,P,C,T,L,S,S,D,L,S,V,-,-,-,G,G,K,N,M,F,W,Y,Q,Q,K,P,G,S,S,P,R,L,F,L,Y,H,Y,S,D,-,-,-,S,D,K,Q,L,G,P,G,V,P,-,S,R,V,S,G,S,K,E,T,S,S,N,T,A,F,L,L,I,S,G,L,Q,P,E,D,E,A,D,Y,Y,C,Q,V,-,-,-,-,-,-,-,-,-,Y,E
IGLV11-55*02,0,rhesus,L,8.4e-42,133.6,0,99,,,0.00,,0.00,R,P,V,L,T,Q,P,P,S,-,L,S,A,S,P,G,A,T,A,R,L,P,C,T,L,S,S,D,L,S,V,-,-,-,G,G,K,N,M,F,W,Y,Q,Q,K,L,G,S,S,P,R,L,F,L,Y,H,Y,S,D,-,-,-,S,D,K,Q,L,G,P,G,V,P,-,S,R,V,S,G,S,K,E,T,S,S,N,T,A,F,L,L,I,S,G,L,Q,P,E,D,E,A,D,Y,Y,C,Q,V,-,-,-,-,-,-,-,-,-,Y,E
IGLV2-11*01,0,rhesus,L,5.4e-48,153.6,0,93,,,0.00,,0.00,Q,S,A,L,T,Q,P,R,S,-,V,S,G,S,P,G,Q,S,V,T,I,S,C,T,G,T,S,S,D,V,G,-,-,-,G,Y,N,Y,V,S,W,Y,Q,Q,H,P,G,K,A,P,K,L,M,I,Y,D,V,-,-,-,-,-,-,-,S,K,R,P,S,G,V,P,-,D,R,F,S,G,S,K,-,-,S,G,N,T,A,S,L,T,I,S,G,L,Q,A,E,D,E,A,D,Y,Y,C,C,S,-,-,-,-,-,-,-,-,-,Y,A
IGLV2-11*02,0,rhesus,L,5.4e-48,153.6,0,93,,,0.00,,0.00,Q,S,A,L,T,Q,P,R,S,-,V,S,G,S,P,G,Q,S,V,T,I,S,C,T,G,T,S,S,D,V,G,-,-,-,G,Y,N,Y,V,S,W,Y,Q,Q,H,P,G,K,A,P,K,L,M,I,Y,D,V,-,-,-,-,-,-,-,S,K,R,P,S,G,V,P,-,D,R,F,S,G,S,K,-,-,S,G,N,T,A,S,L,T,I,S,G,L,Q,A,E,D,E,A,D,Y,Y,C,C,S,-,-,-,-,-,-,-,-,-,Y,A
IGLV2-11*03,0,cow,L,3.8e-44,141.0,0,85,,,0.00,,0.00,-,-,-,-,-,-,-,-,S,-,V,S,G,S,P,G,Q,S,V,T,I,S,C,T,G,T,S,S,D,V,G,-,-,-,G,Y,N,Y,V,S,W,Y,Q,Q,H,P,G,K,A,P,K,L,M,I,Y,D,V,-,-,-,-,-,-,-,S,K,R,P,S,G,V,P,-,D,R,F,S,G,S,K,-,-,S,G,N,T,A,S,L,T,I,S,G,L,Q,A,E,D,E,A,D,Y,Y,C,C,S,-,-,-,-,-,-,-,-,-,Y,A
IGLV2-14*01,0,rhesus,L,2.1e-46,148.5,0,93,,,0.00,,0.00,Q,S,A,L,T,Q,P,A,S,-,V,S,G,S,P,G,Q,S,I,T,I,S,C,T,G,T,S,S,D,V,G,-,-,-,G,Y,N,Y,V,S,W,Y,Q,Q,H,P,G,K,A,P,K,L,M,I,Y,E,V,-,-,-,-,-,-,-,S,N,R,P,S,G,V,S,-,N,R,F,S,G,S,K,-,-,S,G,N,T,A,S,L,T,I,S,G,L,Q,A,E,D,E,A,D,Y,Y,C,S,S,-,-,-,-,-,-,-,-,-,Y,T
IGLV2-14*02,0,rhesus,L,1.9e-45,145.4,0,93,,,0.00,,0.00,Q,S,A,L,T,Q,P,A,S,-,V,S,G,S,P,G,Q,S,I,T,I,S,C,T,G,T,S,S,D,V,G,-,-,-,S,Y,N,L,V,S,W,Y,Q,Q,H,P,G,K,A,P,K,L,M,I,Y,E,G,-,-,-,-,-,-,-,S,K,R,P,S,G,V,S,-,N,R,F,S,G,S,K,-,-,S,G,N,T,A,S,L,T,I,S,G,L,Q,A,E,D,E,A,D,Y,Y,C,S,S,-,-,-,-,-,-,-,-,-,Y,T
IGLV2-14*03,0,rhesus,L,2.7e-46,148.1,0,93,,,0.00,,0.00,Q,S,A,L,T,Q,P,A,S,-,V,S,G,S,P,G,Q,S,I,T,I,S,C,T,G,T,S,S,D,V,G,-,-,-,G,Y,N,Y,V,S,W,Y,Q,Q,H,P,G,K,A,P,K,L,M,I,Y,D,V,-,-,-,-,-,-,-,S,N,R,P,S,G,V,S,-,N,R,F,S,G,S,K,-,-,S,G,N,T,A,S,L,T,I,S,G,L,Q,A,E,D,E,A,D,Y,Y,C,S,S,-,-,-,-,-,-,-,-,-,Y,T
IGLV2-14*04,0,rhesus,L,1.8e-42,135.7,0,85,,,0.00,,0.00,-,-,-,-,-,-,-,-,S,-,V,S,G,S,P,G,Q,S,I,T,I,S,C,T,G,T,S,S,D,V,G,-,-,-,G,Y,N,Y,V,S,W,Y,Q,Q,H,P,G,K,A,P,K,L,M,I,Y,D,V,-,-,-,-,-,-,-,S,N,R,P,S,G,V,S,-,N,R,F,S,G,S,K,-,-,S,G,N,T,A,S,L,T,I,S,G,L,Q,A,E,D,E,A,D,Y,Y,C,S,S,-,-,-,-,-,-,-,-,-,Y,T
IGLV2-18*01,0,cow,L,5.8e-47,150.1,0,93,,,0.00,,0.00,Q,S,A,L,T,Q,P,P,S,-,V,S,G,S,P,G,Q,S,V,T,I,S,C,T,G,T,S,S,D,V,G,-,-,-,S,Y,N,R,V,S,W,Y,Q,Q,P,P,G,T,A,P,K,L,M,I,Y,E,V,-,-,-,-,-,-,-,S,N,R,P,S,G,V,P,-,D,R,F,S,G,S,K,-,-,S,G,N,T,A,S,L,T,I,S,G,L,Q,A,E,D,E,A,D,Y,Y,C,S,L,-,-,-,-,-,-,-,-,-,Y,T
IGLV2-18*02,0,cow,L,2.9e-47,151.1,0,93,,,0.00,,0.00,Q,S,A,L,T,Q,P,P,S,-,V,S,G,S,P,G,Q,S,V,T,I,S,C,T,G,T,S,S,D,V,G,-,-,-,S,Y,N,R,V,S,W,Y,Q,Q,P,P,G,T,A,P,K,L,M,I,Y,E,V,-,-,-,-,-,-,-,S,N,R,P,S,G,V,P,-,D,R,F,S,G,S,K,-,-,S,G,N,T,A,S,L,T,I,S,G,L,Q,A,E,D,E,A,D,Y,Y,C,S,S,-,-,-,-,-,-,-,-,-,Y,T
IGLV2-18*03,0,cow,L,4.6e-46,147.2,0,93,,,0.00,,0.00,Q,S,A,L,T,Q,P,P,S,-,V,S,G,S,P,G,Q,S,V,T,I,S,C,T,G,T,S,S,D,V,G,-,-,-,S,Y,N,R,V,S,W,Y,Q,Q,P,P,G,T,A,P,K,L,M,I,Y,E,V,-,-,-,-,-,-,-,S,N,R,P,S,G,V,P,-,D,R,F,S,G,S,K,-,-,S,G,N,T,A,S,L,T,T,S,G,L,Q,A,E,D,E,A,D,Y,Y,C,S,S,-,-,-,-,-,-,-,-,-,Y,T
IGLV2-18*04,0,cow,L,1.4e-45,145.7,0,93,,,0.00,,0.00,Q,S,A,L,T,Q,P,P,S,-,V,S,G,S,P,G,Q,S,V,T,I,S,C,T,G,T,S,S,D,V,G,-,-,-,S,Y,N,R,V,S,W,Y,Q,Q,P,P,G,T,A,P,K,L,M,I,Y,E,V,-,-,-,-,-,-,-,S,N,R,P,S,G,V,P,-,D,R,S,S,G,S,K,-,-,S,G,N,T,A,S,L,T,I,S,G,L,Q,A,E,D,E,A,D,Y,Y,C,S,S,-,-,-,-,-,-,-,-,-,Y,T
IGLV2-23*01,0,rhesus,L,1.3e-45,145.9,0,93,,,0.00,,0.00,Q,S,A,L,T,Q,P,A,S,-,V,S,G,S,P,G,Q,S,I,T,I,S,C,T,G,T,S,S,D,V,G,-,-,-,S,Y,N,L,V,S,W,Y,Q,Q,H,P,G,K,A,P,K,L,M,I,Y,E,G,-,-,-,-,-,-,-,S,K,R,P,S,G,V,S,-,N,R,F,S,G,S,K,-,-,S,G,N,T,A,S,L,T,I,S,G,L,Q,A,E,D,E,A,D,Y,Y,C,C,S,-,-,-,-,-,-,-,-,-,Y,A
IGLV2-23*02,0,rhesus,L,6.4e-46,146.9,0,93,,,0.00,,0.00,Q,S,A,L,T,Q,P,A,S,-,V,S,G,S,P,G,Q,S,I,T,I,S,C,T,G,T,S,S,D,V,G,-,-,-,S,Y,N,L,V,S,W,Y,Q,Q,H,P,G,K,A,P,K,L,M,I,Y,E,V,-,-,-,-,-,-,-,S,K,R,P,S,G,V,S,-,N,R,F,S,G,S,K,-,-,S,G,N,T,A,S,L,T,I,S,G,L,Q,A,E,D,E,A,D,Y,Y,C,C,S,-,-,-,-,-,-,-,-,-,Y,A
IGLV2-23*03,0,rhesus,L,1.1e-45,146.1,0,93,,,0.00,,0.00,Q,S,A,L,T,Q,P,A,S,-,V,S,G,S,P,G,Q,S,I,T,I,S,C,T,G,T,S,S,D,V,G,-,-,-,S,Y,N,L,V,S,W,Y,Q,Q,H,P,G,K,A,P,K,L,M,I,Y,E,G,-,-,-,-,-,-,-,S,K,R,P,S,G,V,S,-,N,R,F,S,G,S,K,-,-,S,G,N,T,A,S,L,T,I,S,G,L,Q,A,E,D,E,A,D,Y,Y,C,C,S,-,-,-,-,-,-,-,-,-,Y,A
IGLV2-33*01,0,rhesus,L,1.3e-34,110.3,0,93,,,0.00,,0.00,Q,S,A,L,T,Q,P,P,F,-,V,S,G,A,P,G,Q,S,V,T,I,S,C,T,G,T,S,S,D,V,G,-,-,-,D,Y,D,H,V,F,W,Y,Q,K,R,L,S,T,T,S,R,L,L,I,Y,N,V,-,-,-,-,-,-,-,N,T,R,P,S,G,I,S,-,D,L,F,S,G,S,K,-,-,S,G,N,M,A,S,L,T,I,S,G,L,K,S,E,V,E,A,N,Y,H,C,S,L,-,-,-,-,-,-,-,-,-,Y,S
IGLV2-33*02,0,rhesus,L,1.3e-34,110.3,0,93,,,0.00,,0.00,Q,S,A,L,T,Q,P,P,F,-,V,S,G,A,P,G,Q,S,V,T,I,S,C,T,G,T,S,S,D,V,G,-,-,-,D,Y,D,H,V,F,W,Y,Q,K,R,L,S,T,T,S,R,L,L,I,Y,N,V,-,-,-,-,-,-,-,N,T,R,P,S,G,I,S,-,D,L,F,S,G,S,K,-,-,S,G,N,M,A,S,L,T,I,S,G,L,K,S,E,V,E,A,N,Y,H,C,S,L,-,-,-,-,-,-,-,-,-,Y,S
IGLV2-33*03,0,rhesus,L,1.7e-34,110.0,0,93,,,0.00,,0.00,Q,S,A,L,T,Q,P,P,F,-,V,S,G,A,P,G,Q,S,V,T,I,S,C,T,G,T,S,S,D,V,G,-,-,-,D,Y,D,H,V,F,W,Y,Q,K,R,L,S,T,T,S,R,L,L,I,Y,N,V,-,-,-,-,-,-,-,N,T,R,P,S,G,I,S,-,D,L,F,S,G,S,K,-,-,S,G,N,V,A,S,L,T,I,S,G,L,K,S,E,V,E,A,N,Y,H,C,S,L,-,-,-,-,-,-,-,-,-,Y,S
IGLV2-34*01,0,rhesus,L,2e-35,113.0,0,91,,,0.00,,0.00,Q,S,V,L,T,Q,P,R,S,-,V,S,R,S,P,G,Q,-,V,T,I,F,C,T,G,T,S,S,D,I,G,-,-,-,G,Y,D,L,V,S,W,C,Q,-,H,P,G,K,A,P,K,L,M,I,Y,D,V,-,-,-,-,-,-,-,A,N,W,P,S,G,A,P,-,G,C,F,S,G,S,K,-,-,S,G,N,T,A,S,L,T,I,S,G,L,Q,A,E,D,E,A,D,Y,Y,C,S,S,-,-,-,-,-,-,-,-,-,Y,A
IGLV2-34*02,0,rhesus,L,3.2e-35,112.3,0,91,,,0.00,,0.00,Q,S,V,L,T,Q,P,R,S,-,V,S,R,S,P,G,Q,-,V,T,I,F,C,T,G,T,S,S,D,I,G,-,-,-,G,Y,D,L,V,S,W,C,Q,-,H,P,G,K,A,P,K,L,M,I,Y,D,V,-,-,-,-,-,-,-,G,N,W,P,S,G,A,P,-,G,C,F,S,G,S,K,-,-,S,G,N,T,A,S,L,T,I,S,G,L,Q,A,E,D,E,A,D,Y,Y,C,S,S,-,-,-,-,-,-,-,-,-,Y,A
IGLV2-5*01,0,cow,L,2e-42,135.5,0,92,,,0.00,,0.00,Q,S,A,L,I,Q,P,P,S,-,V,S,G,S,P,G,Q,S,V,T,I,S,C,T,G,T,S,S,D,V,G,-,-,-,S,Y,D,Y,V,S,W,Y,Q,Q,H,P,G,T,V,P,K,P,M,I,Y,N,V,-,-,-,-,-,-,-,N,T,Q,P,S,G,V,P,-,D,R,F,S,G,S,K,-,-,S,G,N,T,A,S,M,T,I,S,G,L,Q,A,E,D,E,A,D,Y,C,C,S,Y,-,-,-,-,-,-,-,-,-,-,T
IGLV2-5*02,0,cow,L,5.8e-43,137.2,0,92,,,0.00,,0.00,Q,S,A,L,I,Q,P,P,S,-,V,S,G,S,P,G,Q,S,V,T,I,S,C,T,G,T,S,S,D,V,G,-,-,-,S,Y,D,Y,V,S,W,Y,Q,Q,H,P,G,T,V,P,K,P,M,I,Y,N,V,-,-,-,-,-,-,-,N,T,R,P,S,G,V,P,-,D,R,F,S,G,S,K,-,-,S,G,N,T,A,S,M,T,I,S,G,L,Q,A,E,D,E,A,D,Y,C,C,S,Y,-,-,-,-,-,-,-,-,-,-,T
IGLV2-8*01,0,rhesus,L,4.5e-48,153.9,0,93,,,0.00,,0.00,Q,S,A,L,T,Q,P,P,S,-,A,S,G,S,P,G,Q,S,V,T,I,S,C,T,G,T,S,S,D,V,G,-,-,-,G,Y,N,Y,V,S,W,Y,Q,Q,H,P,G,K,A,P,K,L,M,I,Y,E,V,-,-,-,-,-,-,-,S,K,R,P,S,G,V,P,-,D,R,F,S,G,S,K,-,-,S,G,N,T,A,S,L,T,V,S,G,L,Q,A,E,D,E,A,D,Y,Y,C,S,S,-,-,-,-,-,-,-,-,-,Y,A
IGLV2-8*02,0,rhesus,L,8.5e-48,153.0,0,93,,,0.00,,0.00,Q,S,A,L,T,Q,P,P,S,-,A,S,R,S,P,G,Q,S,V,T,I,S,C,T,G,T,S,S,D,V,G,-,-,-,G,Y,N,Y,V,S,W,Y,Q,Q,H,P,G,K,A,P,K,L,M,I,Y,E,V,-,-,-,-,-,-,-,S,K,R,P,S,G,V,P,-,D,R,F,S,G,S,K,-,-,S,G,N,T,A,S,L,T,V,S,G,L,Q,A,E,D,E,A,D,Y,Y,C,S,S,-,-,-,-,-,-,-,-,-,Y,A
IGLV2-8*03,0,cow,L,2.5e-42,135.1,1,85,,,0.00,,0.00,-,-,-,-,-,-,-,-,-,-,A,S,G,S,P,G,Q,S,V,T,I,S,C,T,G,T,S,S,D,V,G,-,-,-,G,Y,N,Y,V,S,W,Y,Q,Q,H,P,G,K,A,P,K,L,M,I,Y,E,V,-,-,-,-,-,-,-,S,K,R,P,S,G,V,P,-,D,R,F,F,G,S,K,-,-,S,G,N,T,A,S,L,T,V,S,G,L,Q,A,E,D,E,A,D,Y,Y,C,S,S,-,-,-,-,-,-,-,-,-,Y,A
IGLV3-1*01,0,human,L,2.7e-44,141.5,0,90,,,0.00,,0.00,S,Y,E,L,T,Q,P,P,S,-,V,S,V,S,P,G,Q,T,A,S,I,T,C,S,G,D,K,L,G,-,-,-,-,-,-,D,K,Y,A,C,W,Y,Q,Q,K,P,G,Q,S,P,V,L,V,I,Y,Q,D,-,-,-,-,-,-,-,S,K,R,P,S,G,I,P,-,E,R,F,S,G,S,N,-,-,S,G,N,T,A,T,L,T,I,S,G,T,Q,A,M,D,E,A,D,Y,Y,C,Q,A,-,-,-,-,-,-,-,-,-,W,D
IGLV3-10*01,0,human,L,1.4e-43,139.2,0,90,,,0.00,,0.00,S,Y,E,L,T,Q,P,P,S,-,V,S,V,S,P,G,Q,T,A,R,I,T,C,S,G,D,A,L,P,-,-,-,-,-,-,K,K,Y,A,Y,W,Y,Q,Q,K,S,G,Q,A,P,V,L,V,I,Y,E,D,-,-,-,-,-,-,-,S,K,R,P,S,G,I,P,-,E,R,F,S,G,S,S,-,-,S,G,T,M,A,T,L,T,I,S,G,A,Q,V,E,D,E,A,D,Y,Y,C,Y,S,-,-,-,-,-,-,-,-,-,T,D
IGLV3-10*02,0,human,L,1.9e-42,135.5,0,90,,,0.00,,0.00,S,Y,E,L,T,Q,P,P,S,-,V,S,V,S,P,G,Q,T,A,R,I,T,C,S,G,D,A,L,P,-,-,-,-,-,-,K,K,Y,A,Y,W,Y,Q,Q,K,S,G,Q,A,P,V,L,V,I,Y,K,D,-,-,-,-,-,-,-,S,K,R,P,S,G,I,P,-,E,R,F,S,G,S,S,-,-,S,G,T,M,A,T,L,T,I,S,G,A,Q,V,E,D,E,D,D,Y,Y,C,Y,S,-,-,-,-,-,-,-,-,-,A,D
IGLV3-10*03,0,human,L,1.7e-42,135.7,0,90,,,0.00,,0.00,S,Y,E,L,T,Q,P,P,S,-,V,S,V,S,P,G,Q,T,A,R,I,T,C,S,G,D,A,L,P,-,-,-,-,-,-,K,K,Y,A,Y,W,Y,Q,Q,K,S,G,Q,A,P,V,L,V,I,Y,E,D,-,-,-,-,-,-,-,S,K,R,P,S,G,I,P,-,E,R,F,S,G,S,S,-,-,S,G,T,M,A,T,L,T,I,S,G,A,Q,V,E,D,E,D,D,Y,Y,C,Y,S,-,-,-,-,-,-,-,-,-,T,D
IGLV3-12*01,0,human,L,4.9e-42,134.2,0,90,,,0.00,,0.00,S,Y,E,L,T,Q,P,H,S,-,V,S,V,A,T,A,Q,M,A,R,I,T,C,G,G,N,N,I,G,-,-,-,-,-,-,S,K,A,V,H,W,Y,Q,Q,K,P,G,Q,D,P,V,L,V,I,Y,S,D,-,-,-,-,-,-,-,S,N,R,P,S,G,I,P,-,E,R,F,S,G,S,N,-,-,P,G,N,T,T,T,L,T,I,S,R,I,E,A,G,D,E,A,D,Y,Y,C,Q,V,-,-,-,-,-,-,-,-,-,W,D
IGLV3-12*02,0,human,L,2.4e-42,135.2,0,90,,,0.00,,0.00,S,Y,E,L,T,Q,P,H,S,-,V,S,V,A,T,A,Q,M,A,R,I,T,C,G,G,N,N,I,G,-,-,-,-,-,-,S,K,A,V,H,W,Y,Q,Q,K,P,G,Q,D,P,V,L,V,I,Y,S,D,-,-,-,-,-,-,-,S,N,R,P,S,G,I,P,-,E,R,F,S,G,S,N,-,-,P,G,N,T,A,T,L,T,I,S,R,I,E,A,G,D,E,A,D,Y,Y,C,Q,V,-,-,-,-,-,-,-,-,-,W,D
IGLV3-13*01,0,human,L,1.5e-36,116.4,0,90,,,0.00,,0.00,S,Y,E,L,T,Q,P,P,A,-,V,S,V,S,P,G,Q,T,A,R,I,S,C,S,G,D,V,L,R,-,-,-,-,-,-,D,N,Y,A,D,W,Y,P,Q,K,P,G,Q,A,P,V,L,V,I,Y,K,D,-,-,-,-,-,-,-,G,E,R,P,S,G,I,P,-,E,R,F,S,G,S,T,-,-,S,G,N,T,T,A,L,T,I,S,R,V,L,T,K,G,G,A,D,Y,Y,C,F,S,-,-,-,-,-,-,-,-,-,G,D
IGLV3-13*02,0,human,L,3.4e-36,115.3,0,90,,,0.00,,0.00,S,Y,E,L,T,Q,P,P,A,-,V,S,V,S,P,G,Q,T,A,R,I,S,C,S,G,D,V,L,R,-,-,-,-,-,-,D,N,Y,A,D,W,Y,P,Q,K,P,G,Q,T,P,V,L,V,I,Y,K,D,-,-,-,-,-,-,-,G,E,R,P,S,G,I,P,-,E,R,F,S,G,S,T,-,-,S,G,N,T,T,A,L,T,I,S,R,V,L,T,K,G,G,A,D,Y,Y,C,F,S,-,-,-,-,-,-,-,-,-,G,D
IGLV3-16*01,0,human,L,3.4e-43,137.9,0,90,,,0.00,,0.00,S,Y,E,L,T,Q,P,P,S,-,V,S,V,S,L,G,Q,M,A,R,I,T,C,S,G,E,A,L,P,-,-,-,-,-,-,K,K,Y,A,Y,W,Y,Q,Q,K,P,G,Q,F,P,V,L,V,I,Y,K,D,-,-,-,-,-,-,-,S,E,R,P,S,G,I,P,-,E,R,F,S,G,S,S,-,-,S,G,T,I,V,T,L,T,I,S,G,V,Q,A,E,D,E,A,D,Y,Y,C,L,S,-,-,-,-,-,-,-,-,-,A,D
IGLV3-19*01,0,rhesus,L,8.1e-45,143.3,0,90,,,0.00,,0.00,S,S,E,L,T,Q,D,P,A,-,V,S,V,A,L,G,Q,T,V,R,I,T,C,Q,G,D,S,L,R,-,-,-,-,-,-,S,Y,Y,A,S,W,Y,Q,Q,K,P,G,Q,A,P,V,L,V,I,Y,G,K,-,-,-,-,-,-,-,N,N,R,P,S,G,I,P,-,D,R,F,S,G,S,S,-,-,S,G,N,T,A,S,L,T,I,T,G,A,Q,A,E,D,E,A,D,Y,Y,C,N,S,-,-,-,-,-,-,-,-,-,R,D
IGLV3-19*02,0,rhesus,L,5.1e-45,144.0,0,90,,,0.00,,0.00,S,S,E,L,T,Q,D,P,A,-,V,S,V,A,L,G,Q,T,V,R,I,T,C,Q,G,D,S,L,R,-,-,-,-,-,-,S,Y,Y,A,S,W,Y,Q,Q,K,P,G,Q,A,P,V,R,V,I,Y,G,K,-,-,-,-,-,-,-,N,N,R,P,S,G,I,P,-,D,R,F,S,G,S,S,-,-,S,G,N,T,A,S,L,T,I,T,G,A,Q,A,E,D,E,A,D,Y,Y,C,N,S,-,-,-,-,-,-,-,-,-,W,D
IGLV3-21*01,0,human,L,7.7e-45,143.3,0,90,,,0.00,,0.00,S,Y,V,L,T,Q,P,P,S,-,V,S,V,A,P,G,K,T,A,R,I,T,C,G,G,N,N,I,G,-,-,-,-,-,-,S,K,S,V,H,W,Y,Q,Q,K,P,G,Q,A,P,V,L,V,I,Y,Y,D,-,-,-,-,-,-,-,S,D,R,P,S,G,I,P,-,E,R,F,S,G,S,N,-,-,S,G,N,T,A,T,L,T,I,S,R,V,E,A,G,D,E,A,D,Y,Y,C,Q,V,-,-,-,-,-,-,-,-,-,W,D
IGLV3-21*02,0,human,L,9.8e-45,142.9,0,90,,,0.00,,0.00,S,Y,V,L,T,Q,P,P,S,-,V,S,V,A,P,G,Q,T,A,R,I,T,C,G,G,N,N,I,G,-,-,-,-,-,-,S,K,S,V,H,W,Y,Q,Q,K,P,G,Q,A,P,V,L,V,V,Y,D,D,-,-,-,-,-,-,-,S,D,R,P,S,G,I,P,-,E,R,F,S,G,S,N,-,-,S,G,N,T,A,T,L,T,I,S,R,V,E,A,G,D,E,A,D,Y,Y,C,Q,V,-,-,-,-,-,-,-,-,-,W,D
IGLV3-21*03,0,human,L,2.1e-44,141.9,0,90,,,0.00,,0.00,S,Y,V,L,T,Q,P,P,S,-,V,S,V,A,P,G,K,T,A,R,I,T,C,G,G,N,N,I,G,-,-,-,-,-,-,S,K,S,V,H,W,Y,Q,Q,K,P,G,Q,A,P,V,L,V,V,Y,D,D,-,-,-,-,-,-,-,S,D,R,P,S,G,I,P,-,E,R,F,S,G,S,N,-,-,S,G,N,T,A,T,L,T,I,S,R,V,E,A,G,D,E,A,D,Y,Y,C,Q,V,-,-,-,-,-,-,-,-,-,W,D
IGLV3-21*04,0,human,L,7.7e-45,143.3,0,90,,,0.00,,0.00,S,Y,V,L,T,Q,P,P,S,-,V,S,V,A,P,G,K,T,A,R,I,T,C,G,G,N,N,I,G,-,-,-,-,-,-,S,K,S,V,H,W,Y,Q,Q,K,P,G,Q,A,P,V,L,V,I,Y,Y,D,-,-,-,-,-,-,-,S,D,R,P,S,G,I,P,-,E,R,F,S,G,S,N,-,-,S,G,N,T,A,T,L,T,I,S,R,V,E,A,G,D,E,A,D,Y,Y,C,Q,V,-,-,-,-,-,-,-,-,-,W,D
IGLV3-22*01,0,human,L,3.8e-41,131.3,0,90,,,0.00,,0.00,S,Y,E,L,T,Q,L,P,S,-,V,S,V,S,P,G,Q,T,A,R,I,T,C,S,G,D,V,L,G,-,-,-,-,-,-,E,N,Y,A,D,W,Y,Q,Q,K,P,G,Q,A,P,E,L,V,I,Y,E,D,-,-,-,-,-,-,-,S,E,R,Y,P,G,I,P,-,E,R,F,S,G,S,T,-,-,S,G,N,T,T,T,L,T,I,S,R,V,L,T,E,D,E,A,D,Y,Y,C,L,S,-,-,-,-,-,-,-,-,-,G,D
IGLV3-22*03,0,human,L,2.9e-40,128.5,0,89,,,0.00,,0.00,S,Y,E,L,T,Q,L,P,S,-,V,S,L,S,P,G,Q,K,A,R,I,T,C,S,G,D,V,L,G,-,-,-,-,-,-,K,N,Y,A,D,W,Y,Q,Q,K,P,G,Q,A,P,E,L,V,I,Y,E,D,-,-,-,-,-,-,-,S,E,R,Y,P,G,I,P,-,E,R,F,S,G,S,T,-,-,S,G,N,T,T,T,L,T,I,S,R,V,L,T,E,D,E,A,D,Y,Y,C,L,S,-,-,-,-,-,-,-,-,-,-,G
IGLV3-25*01,0,human,L,2.2e-44,141.8,0,90,,,0.00,,0.00,S,Y,E,L,M,Q,P,P,S,-,V,S,V,S,P,G,Q,T,A,R,I,T,C,S,G,D,A,L,P,-,-,-,-,-,-,K,Q,Y,A,Y,W,Y,Q,Q,K,P,G,Q,A,P,V,L,V,I,Y,K,D,-,-,-,-,-,-,-,S,E,R,P,S,G,I,P,-,E,R,F,S,G,S,S,-,-,S,G,T,T,V,T,L,T,I,S,G,V,Q,A,E,D,E,A,D,Y,Y,C,Q,S,-,-,-,-,-,-,-,-,-,A,D
IGLV3-25*02,0,human,L,4.9e-45,143.9,0,90,,,0.00,,0.00,S,Y,E,L,T,Q,P,P,S,-,V,S,V,S,P,G,Q,T,A,R,I,T,C,S,G,D,A,L,P,-,-,-,-,-,-,K,Q,Y,A,Y,W,Y,Q,Q,K,P,G,Q,A,P,V,L,V,I,Y,K,D,-,-,-,-,-,-,-,S,E,R,P,S,G,I,P,-,E,R,F,S,G,S,S,-,-,S,G,T,T,V,T,L,T,I,S,G,V,Q,A,E,D,E,A,D,Y,Y,C,Q,S,-,-,-,-,-,-,-,-,-,A,D
IGLV3-25*03,0,human,L,4.9e-45,143.9,0,90,,,0.00,,0.00,S,Y,E,L,T,Q,P,P,S,-,V,S,V,S,P,G,Q,T,A,R,I,T,C,S,G,D,A,L,P,-,-,-,-,-,-,K,Q,Y,A,Y,W,Y,Q,Q,K,P,G,Q,A,P,V,L,V,I,Y,K,D,-,-,-,-,-,-,-,S,E,R,P,S,G,I,P,-,E,R,F,S,G,S,S,-,-,S,G,T,T,V,T,L,T,I,S,G,V,Q,A,E,D,E,A,D,Y,Y,C,Q,S,-,-,-,-,-,-,-,-,-,A,D
IGLV3-27*01,0,human,L,2.6e-43,138.3,0,90,,,0.00,,0.00,S,Y,E,L,T,Q,P,S,S,-,V,S,V,S,P,G,Q,T,A,R,I,T,C,S,G,D,V,L,A,-,-,-,-,-,-,K,K,Y,A,R,W,F,Q,Q,K,P,G,Q,A,P,V,L,V,I,Y,K,D,-,-,-,-,-,-,-,S,E,R,P,S,G,I,P,-,E,R,F,S,G,S,S,-,-,S,G,T,T,V,T,L,T,I,S,G,A,Q,V,E,D,E,A,D,Y,Y,C,Y,S,-,-,-,-,-,-,-,-,-,A,A
IGLV3-31*01,0,rhesus,L,1e-32,104.2,0,88,,,0.00,,0.00,S,S,E,L,S,Q,E,P,A,-,V,S,V,A,L,G,-,T,A,R,I,T,C,Q,G,D,S,I,E,-,-,-,-,-,-,D,S,V,V,N,W,Y,K,Q,K,P,S,Q,A,P,G,L,V,I,L,N,-,-,-,-,-,-,-,-,S,V,Q,S,S,G,I,P,-,K,K,F,S,G,S,S,-,-,S,G,N,M,A,T,L,T,I,T,G,I,Q,V,E,D,K,A,D,Y,Y,C,Q,S,-,-,-,-,-,-,-,-,-,W,D
IGLV3-31*02,0,cow,L,6.1e-33,104.8,0,88,,,0.00,,0.00,S,S,E,L,S,Q,E,P,A,-,V,S,V,S,L,G,-,T,A,R,I,T,C,Q,G,D,S,I,E,-,-,-,-,-,-,D,S,V,V,N,W,Y,K,Q,K,P,S,Q,A,P,G,L,V,I,L,N,-,-,-,-,-,-,-,-,S,V,Q,S,S,G,I,P,-,K,K,F,S,G,S,S,-,-,S,G,N,M,A,T,L,T,I,T,G,I,Q,V,E,D,K,A,D,Y,Y,C,Q,S,-,-,-,-,-,-,-,-,-,W,D
IGLV3-32*01,0,rhesus,L,1.3e-37,120.1,0,90,,,0.00,,0.00,S,S,G,P,T,Q,V,P,A,-,V,S,V,A,L,G,Q,M,A,R,I,T,C,Q,G,D,S,M,E,-,-,-,-,-,-,G,S,Y,E,H,W,Y,Q,Q,K,P,G,Q,A,P,V,L,V,I,Y,D,S,-,-,-,-,-,-,-,S,D,R,P,S,R,I,P,-,E,R,F,S,G,S,K,-,-,S,G,N,T,T,T,L,T,I,T,G,A,Q,A,E,D,E,A,D,Y,Y,Y,Q,L,-,-,-,-,-,-,-,-,-,I,D
IGLV3-9*01,0,human,L,2.2e-44,141.8,0,90,,,0.00,,0.00,S,Y,E,L,T,Q,P,L,S,-,V,S,V,A,L,G,Q,T,A,R,I,T,C,G,G,N,N,I,G,-,-,-,-,-,-,S,K,N,V,H,W,Y,Q,Q,K,P,G,Q,A,P,V,L,V,I,Y,R,D,-,-,-,-,-,-,-,S,N,R,P,S,G,I,P,-,E,R,F,S,G,S,N,-,-,S,G,N,T,A,T,L,T,I,S,R,A,Q,A,G,D,E,A,D,Y,Y,C,Q,V,-,-,-,-,-,-,-,-,-,W,D
IGLV3-9*02,0,human,L,1.2e-43,139.5,0,90,,,0.00,,0.00,S,Y,E,L,T,Q,P,L,S,-,V,S,V,A,L,G,Q,A,A,R,I,T,C,G,G,N,N,L,G,-,-,-,-,-,-,Y,K,S,V,H,W,Y,Q,Q,K,P,G,Q,A,P,V,L,V,I,Y,R,D,-,-,-,-,-,-,-,N,N,R,P,S,G,I,P,-,E,R,F,S,G,S,N,-,-,S,G,N,T,A,T,L,T,I,S,R,A,Q,A,G,D,E,A,D,Y,Y,C,Q,V,-,-,-,-,-,-,-,-,-,W,D
IGLV4-3*01,0,rabbit,L,7.9e-36,114.2,0,95,,,0.00,,0.00,L,P,V,L,T,Q,P,P,S,-,A,S,A,L,L,G,A,S,I,K,L,T,C,T,L,S,S,E,H,S,-,-,-,-,-,T,Y,T,I,E,W,Y,Q,Q,R,P,G,R,S,P,Q,Y,I,M,K,V,K,S,D,-,-,-,G,S,H,S,K,G,D,G,I,P,-,D,R,F,M,G,S,S,-,-,S,G,A,D,R,Y,L,T,F,S,N,L,Q,S,D,D,E,A,E,Y,H,C,G,E,-,-,-,-,-,-,-,-,-,S,H
IGLV4-60*01,0,human,L,4.9e-42,134.2,0,95,,,0.00,,0.00,Q,P,V,L,T,Q,S,S,S,-,A,S,A,S,L,G,S,S,V,K,L,T,C,T,L,S,S,G,H,S,-,-,-,-,-,S,Y,I,I,A,W,H,Q,Q,Q,P,G,K,A,P,R,Y,L,M,K,L,E,G,S,-,-,-,G,S,Y,N,K,G,S,G,V,P,-,D,R,F,S,G,S,S,-,-,S,G,A,D,R,Y,L,T,I,S,N,L,Q,L,E,D,E,A,D,Y,Y,C,E,T,-,-,-,-,-,-,-,-,-,W,D
IGLV4-60*02,0,human,L,5.9e-42,133.9,0,95,,,0.00,,0.00,Q,P,V,L,T,Q,S,S,S,-,A,S,A,S,L,G,S,S,V,K,L,T,C,T,L,S,S,G,H,S,-,-,-,-,-,S,Y,I,I,A,W,H,Q,Q,Q,P,G,K,A,P,R,Y,L,M,K,L,E,G,S,-,-,-,G,S,Y,N,K,G,S,G,V,P,-,D,R,F,S,G,S,S,-,-,S,G,A,D,R,Y,L,T,I,S,N,L,Q,F,E,D,E,A,D,Y,Y,C,E,T,-,-,-,-,-,-,-,-,-,W,D
IGLV4-60*03,0,human,L,3.1e-42,134.9,0,95,,,0.00,,0.00,Q,P,V,L,T,Q,S,S,S,-,A,S,A,S,L,G,S,S,V,K,L,T,C,T,L,S,S,G,H,S,-,-,-,-,-,S,Y,I,I,A,W,H,Q,Q,Q,P,G,K,A,P,R,Y,L,M,K,L,E,G,S,-,-,-,G,S,Y,N,K,G,S,G,V,P,-,D,R,F,S,G,S,S,-,-,S,G,A,D,R,Y,L,T,I,S,N,L,Q,S,E,D,E,A,D,Y,Y,C,E,T,-,-,-,-,-,-,-,-,-,W,D
IGLV4-69*01,0,human,L,1.9e-41,132.3,0,95,,,0.00,,0.00,Q,L,V,L,T,Q,S,P,S,-,A,S,A,S,L,G,A,S,V,K,L,T,C,T,L,S,S,G,H,S,-,-,-,-,-,S,Y,A,I,A,W,H,Q,Q,Q,P,E,K,G,P,R,Y,L,M,K,L,N,S,D,-,-,-,G,S,H,S,K,G,D,G,I,P,-,D,R,F,S,G,S,S,-,-,S,G,A,E,R,Y,L,T,I,S,S,L,Q,S,E,D,E,A,D,Y,Y,C,Q,T,-,-,-,-,-,-,-,-,-,W,G
IGLV4-69*02,0,human,L,1.9e-41,132.3,0,95,,,0.00,,0.00,Q,L,V,L,T,Q,S,P,S,-,A,S,A,S,L,G,A,S,V,K,L,T,C,T,L,S,S,G,H,S,-,-,-,-,-,S,Y,A,I,A,W,H,Q,Q,Q,P,E,K,G,P,R,Y,L,M,K,L,N,S,D,-,-,-,G,S,H,S,K,G,D,G,I,P,-,D,R,F,S,G,S,S,-,-,S,G,A,E,R,Y,L,T,I,S,S,L,Q,S,E,D,E,A,D,Y,Y,C,Q,T,-,-,-,-,-,-,-,-,-,W,G
IGLV5-37*01,0,rhesus,L,1.2e-46,149.2,0,99,,,0.00,,0.00,Q,P,V,L,T,Q,P,P,S,-,S,S,A,S,P,G,E,S,A,R,L,T,C,T,L,P,S,D,I,N,V,-,-,-,G,S,Y,N,I,Y,W,Y,Q,Q,K,P,G,S,P,P,R,Y,L,L,Y,Y,Y,S,D,-,-,-,S,D,K,G,Q,G,S,G,V,P,-,S,R,F,S,G,S,K,D,A,S,A,N,T,G,I,L,L,I,S,G,L,Q,S,E,D,E,A,D,Y,Y,C,M,I,-,-,-,-,-,-,-,-,-,W,P
IGLV5-39*01,0,human,L,1.1e-45,146.0,0,99,,,0.00,,0.00,Q,P,V,L,T,Q,P,T,S,-,L,S,A,S,P,G,A,S,A,R,F,T,C,T,L,R,S,G,I,N,V,-,-,-,G,T,Y,R,I,Y,W,Y,Q,Q,K,P,G,S,L,P,R,Y,L,L,R,Y,K,S,D,-,-,-,S,D,K,Q,Q,G,S,G,V,P,-,S,R,F,S,G,S,K,D,A,S,T,N,A,G,L,L,L,I,S,G,L,Q,S,E,D,E,A,D,Y,Y,C,A,I,-,-,-,-,-,-,-,-,-,W,Y
IGLV5-39*02,0,human,L,3e-45,144.6,0,99,,,0.00,,0.00,Q,P,V,L,T,Q,P,T,S,-,L,S,A,S,P,G,A,S,A,R,F,T,C,T,L,R,S,G,I,N,V,-,-,-,G,T,Y,R,I,Y,W,Y,Q,Q,N,P,G,S,L,P,R,Y,L,L,R,Y,K,S,D,-,-,-,S,D,K,Q,Q,G,S,G,V,P,-,S,R,F,S,G,S,K,D,A,S,T,N,A,G,L,L,L,I,S,G,L,Q,S,E,D,E,A,D,Y,Y,C,A,I,-,-,-,-,-,-,-,-,-,W,Y
IGLV5-45*01,0,rhesus,L,2.6e-46,148.2,0,99,,,0.00,,0.00,Q,A,V,L,T,Q,P,A,S,-,L,S,A,S,P,G,A,S,A,S,L,T,C,T,L,R,S,G,I,N,V,-,-,-,G,T,Y,R,I,Y,W,Y,Q,Q,K,P,G,S,P,P,Q,Y,L,L,R,Y,K,S,D,-,-,-,S,D,K,Q,Q,G,S,G,V,P,-,S,R,F,S,G,S,K,D,A,S,A,N,A,G,I,L,L,I,S,G,L,Q,S,E,D,E,A,D,Y,Y,C,M,I,-,-,-,-,-,-,-,-,-,W,H
IGLV5-45*02,0,rhesus,L,3.5e-46,147.8,0,99,,,0.00,,0.00,Q,A,V,L,T,Q,P,S,S,-,L,S,A,S,P,G,A,S,A,S,L,T,C,T,L,R,S,G,I,N,V,-,-,-,G,T,Y,R,I,Y,W,Y,Q,Q,K,P,G,S,P,P,Q,Y,L,L,R,Y,K,S,D,-,-,-,S,D,K,Q,Q,G,S,G,V,P,-,S,R,F,S,G,S,K,D,A,S,A,N,A,G,I,L,L,I,S,G,L,Q,S,E,D,E,A,D,Y,Y,C,M,I,-,-,-,-,-,-,-,-,-,W,H
IGLV5-45*03,0,rhesus,L,3.5e-46,147.8,0,99,,,0.00,,0.00,Q,A,V,L,T,Q,P,S,S,-,L,S,A,S,P,G,A,S,A,S,L,T,C,T,L,R,S,G,I,N,V,-,-,-,G,T,Y,R,I,Y,W,Y,Q,Q,K,P,G,S,P,P,Q,Y,L,L,R,Y,K,S,D,-,-,-,S,D,K,Q,Q,G,S,G,V,P,-,S,R,F,S,G,S,K,D,A,S,A,N,A,G,I,L,L,I,S,G,L,Q,S,E,D,E,A,D,Y,Y,C,M,I,-,-,-,-,-,-,-,-,-,W,H
IGLV5-45*04,0,rhesus,L,1.3e-45,145.9,0,99,,,0.00,,0.00,Q,A,V,L,T,Q,P,S,S,-,L,S,A,S,P,G,A,S,A,S,L,T,C,T,L,C,S,G,I,N,V,-,-,-,G,T,Y,R,I,Y,W,Y,Q,Q,K,P,G,S,P,P,Q,Y,L,L,R,Y,K,S,D,-,-,-,S,D,K,Q,Q,G,S,G,V,P,-,S,R,F,S,G,S,K,D,A,S,A,N,A,G,I,L,L,I,S,G,L,Q,S,E,D,E,A,D,Y,Y,C,M,I,-,-,-,-,-,-,-,-,-,W,H
IGLV5-48*01,0,rhesus,L,7.4e-45,143.5,0,99,,,0.00,,0.00,Q,P,V,L,T,Q,P,T,S,-,L,S,A,S,P,G,A,S,A,R,L,T,C,T,L,R,S,G,I,N,L,-,-,-,G,S,Y,R,I,F,W,Y,Q,Q,K,P,E,S,P,P,R,Y,L,L,S,Y,Y,S,D,-,-,-,S,S,K,H,Q,G,S,G,V,P,-,S,R,F,S,G,S,K,D,A,S,S,N,A,G,I,L,V,I,S,G,L,Q,S,E,D,E,A,D,Y,Y,C,M,I,-,-,-,-,-,-,-,-,-,W,H
IGLV5-48*02,0,rhesus,L,1e-43,139.8,0,98,,,0.00,,0.00,Q,A,V,L,T,Q,P,T,S,-,L,S,A,S,P,G,A,S,A,R,L,T,C,T,L,R,S,G,I,S,V,-,-,-,G,S,Y,R,I,Y,W,Y,Q,Q,K,P,G,S,P,P,R,Y,L,L,N,Y,Y,S,D,-,-,-,S,D,K,H,Q,G,S,G,V,P,-,S,R,F,S,G,S,K,D,A,S,T,N,A,G,I,L,F,I,S,G,L,-,S,E,D,E,A,D,Y,Y,C,M,I,-,-,-,-,-,-,-,-,-,W,H
IGLV5-52*01,0,human,L,2.9e-45,144.6,0,99,,,0.00,,0.00,Q,P,V,L,T,Q,P,S,S,-,H,S,A,S,S,G,A,S,V,R,L,T,C,M,L,S,S,G,F,S,V,-,-,-,G,D,F,W,I,R,W,Y,Q,Q,K,P,G,N,P,P,R,Y,L,L,Y,Y,H,S,D,-,-,-,S,N,K,G,Q,G,S,G,V,P,-,S,R,F,S,G,S,N,D,A,S,A,N,A,G,I,L,R,I,S,G,L,Q,P,E,D,E,A,D,Y,Y,C,G,T,-,-,-,-,-,-,-,-,-,W,H
IGLV6-57*01,0,rat,L,2.9e-46,147.9,0,94,,,0.00,,0.00,N,F,M,L,T,Q,P,H,S,-,V,S,E,S,P,G,K,T,V,T,I,S,C,T,R,S,S,G,S,I,-,-,-,-,A,S,N,Y,V,Q,W,Y,Q,Q,R,P,G,S,S,P,T,T,V,I,Y,E,D,-,-,-,-,-,-,-,N,Q,R,P,S,G,V,P,-,D,R,F,S,G,S,I,D,S,S,S,N,S,A,S,L,T,I,S,G,L,K,T,E,D,E,A,D,Y,Y,C,Q,S,-,-,-,-,-,-,-,-,-,Y,D
IGLV6-57*02,0,human,L,2.4e-46,148.1,0,94,,,0.00,,0.00,N,F,M,L,T,Q,P,H,S,-,V,S,E,S,P,G,K,T,V,T,I,S,C,T,G,S,S,G,S,I,-,-,-,-,A,S,N,Y,V,Q,W,Y,Q,Q,R,P,G,S,A,P,T,T,V,I,Y,E,D,-,-,-,-,-,-,-,N,Q,R,P,S,G,V,P,-,D,R,F,S,G,S,I,D,S,S,S,N,S,A,S,L,T,I,S,G,L,K,T,E,D,E,A,D,Y,Y,C,Q,S,-,-,-,-,-,-,-,-,-,Y,D
IGLV6-57*03,0,rat,L,4.7e-46,147.2,0,94,,,0.00,,0.00,N,F,M,L,T,Q,P,H,S,-,V,S,E,S,P,G,K,T,V,T,I,S,C,T,R,S,S,G,S,I,-,-,-,-,A,S,N,Y,V,Q,W,Y,Q,Q,R,P,G,S,A,P,T,T,V,I,Y,E,D,-,-,-,-,-,-,-,N,Q,R,P,S,G,V,P,-,D,R,F,S,G,S,I,D,S,S,S,N,S,A,S,L,T,I,S,G,L,K,T,E,D,E,A,D,Y,Y,C,Q,S,-,-,-,-,-,-,-,-,-,Y,D
IGLV7-43*01,0,human,L,6e-40,127.4,0,93,,,0.00,,0.00,Q,T,V,V,T,Q,E,P,S,-,L,T,V,S,P,G,G,T,V,T,L,T,C,A,S,S,T,G,A,V,T,-,-,-,S,G,Y,Y,P,N,W,F,Q,Q,K,P,G,Q,A,P,R,A,L,I,Y,S,T,-,-,-,-,-,-,-,S,N,K,H,S,W,T,P,-,A,R,F,S,G,S,L,-,-,L,G,G,K,A,A,L,T,L,S,G,V,Q,P,E,D,E,A,E,Y,Y,C,L,L,-,-,-,-,-,-,-,-,-,Y,Y
IGLV7-46*01,0,human,L,3.3e-39,125.0,0,93,,,0.00,,0.00,Q,A,V,V,T,Q,E,P,S,-,L,T,V,S,P,G,G,T,V,T,L,T,C,G,S,S,T,G,A,V,T,-,-,-,S,G,H,Y,P,Y,W,F,Q,Q,K,P,G,Q,A,P,R,T,L,I,Y,D,T,-,-,-,-,-,-,-,S,N,K,H,S,W,T,P,-,A,R,F,S,G,S,L,-,-,L,G,G,K,A,A,L,T,L,S,G,A,Q,P,E,D,E,A,E,Y,Y,C,L,L,-,-,-,-,-,-,-,-,-,S,Y
IGLV7-46*02,0,human,L,5.6e-38,121.1,0,93,,,0.00,,0.00,Q,A,V,V,T,Q,E,P,S,-,L,T,V,S,P,G,G,T,V,T,L,T,C,G,S,S,T,G,A,V,T,-,-,-,S,G,H,Y,P,Y,W,F,Q,Q,K,P,G,Q,A,P,R,T,L,I,Y,D,T,-,-,-,-,-,-,-,S,N,K,H,S,W,T,P,-,A,R,F,S,G,S,L,-,-,L,G,G,K,A,A,L,T,L,L,G,A,Q,P,E,D,E,A,E,Y,Y,C,L,L,-,-,-,-,-,-,-,-,-,S,Y
IGLV8-61*01,0,pig,L,5.2e-43,137.6,0,93,,,0.00,,0.00,Q,T,V,V,T,Q,E,P,S,-,F,S,V,S,P,G,G,T,V,T,L,T,C,G,L,S,S,G,S,V,S,-,-,-,T,S,Y,Y,P,S,W,Y,Q,Q,T,P,G,Q,A,P,R,T,L,I,Y,S,T,-,-,-,-,-,-,-,N,T,R,S,S,G,V,P,-,D,R,F,S,G,S,I,-,-,L,G,N,K,A,A,L,T,I,T,G,A,Q,A,D,D,E,S,D,Y,Y,C,V,L,-,-,-,-,-,-,-,-,-,Y,M
IGLV8-61*02,0,pig,L,4e-42,134.7,0,93,,,0.00,,0.00,Q,T,V,V,T,Q,E,P,S,-,F,S,V,S,P,G,G,T,V,T,L,T,C,G,L,S,S,G,S,V,S,-,-,-,T,S,Y,Y,P,S,W,Y,Q,Q,T,P,G,Q,A,P,R,T,L,I,Y,S,T,-,-,-,-,-,-,-,N,T,R,S,S,G,V,P,-,D,C,F,S,G,S,I,-,-,L,G,N,K,A,A,L,T,I,T,G,A,Q,A,D,D,E,S,D,Y,Y,C,V,L,-,-,-,-,-,-,-,-,-,Y,M
IGLV8-61*03,0,pig,L,5.3e-36,114.9,0,81,,,0.00,,0.00,-,-,-,V,T,Q,E,P,S,-,F,S,V,S,P,G,G,T,V,T,L,T,C,G,L,S,S,G,S,V,S,-,-,-,T,S,Y,Y,P,S,W,Y,Q,Q,T,P,G,Q,A,P,R,T,L,I,Y,S,T,-,-,-,-,-,-,-,N,T,R,S,S,G,V,P,-,D,R,F,S,G,S,I,-,-,L,G,N,K,A,A,L,T,I,T,G,A,Q,A,D,D,E,-,-,-,-,-,-,-,-,-,-,-,-,-,-,-,-,-,-
IGLV8/OR8-1*02,0,rhesus,L,2.8e-37,119.0,0,93,,,0.00,,0.00,Q,S,V,V,T,Q,E,P,S,-,L,S,G,S,P,G,G,T,V,T,L,T,C,A,L,S,S,G,S,V,S,-,-,-,T,S,H,Y,P,R,W,Y,Q,Q,T,P,G,Q,A,P,H,M,L,I,C,S,P,-,-,-,-,-,-,-,N,T,C,P,S,G,V,P,-,G,R,F,S,G,S,I,-,-,L,G,N,K,A,A,L,T,I,T,G,T,Q,V,D,D,D,S,D,H,Y,C,V,L,-,-,-,-,-,-,-,-,-,Y,M
IGLV9-49*01,0,rabbit,L,3.4e-33,105.6,0,96,,,0.00,,0.00,Q,P,V,L,T,Q,P,P,S,-,A,S,A,S,L,G,A,S,V,T,L,T,C,T,L,S,S,G,Y,S,-,-,-,-,-,N,Y,K,V,D,W,Y,Q,Q,R,P,G,K,G,P,R,F,V,M,R,V,G,T,G,-,-,G,I,V,G,S,K,G,D,G,I,P,-,D,R,F,S,V,L,G,-,-,S,G,L,N,R,Y,L,T,I,K,N,I,Q,E,E,D,E,S,D,Y,H,C,G,A,-,-,-,-,-,-,-,-,-,D,H
IGLV9-49*02,0,rabbit,L,3.4e-33,105.6,0,96,,,0.00,,0.00,Q,P,V,L,T,Q,P,P,S,-,A,S,A,S,L,G,A,S,V,T,L,T,C,T,L,S,S,G,Y,S,-,-,-,-,-,N,Y,K,V,D,W,Y,Q,Q,R,P,G,K,G,P,R,F,V,M,R,V,G,T,G,-,-,G,I,V,G,S,K,G,D,G,I,P,-,D,R,F,S,V,L,G,-,-,S,G,L,N,R,Y,L,T,I,K,N,I,Q,E,E,D,E,S,D,Y,H,C,G,A,-,-,-,-,-,-,-,-,-,D,H
IGLV9-49*03,0,rabbit,L,3.4e-33,105.6,0,96,,,0.00,,0.00,Q,P,V,L,T,Q,P,P,S,-,A,S,A,S,L,G,A,S,V,T,L,T,C,T,L,S,S,G,Y,S,-,-,-,-,-,N,Y,K,V,D,W,Y,Q,Q,R,P,G,K,G,P,R,F,V,M,R,V,G,T,G,-,-,G,I,V,G,S,K,G,D,G,I,P,-,D,R,F,S,V,L,G,-,-,S,G,L,N,R,Y,L,T,I,K,N,I,Q,E,E,D,E,S,D,Y,H,C,G,A,-,-,-,-,-,-,-,-,-,D,H
