Id,domain_no,hmm_species,chain_type,e-value,score,seqstart_index,seqend_index,identity_species,v_gene,v_identity,j_gene,j_identity,1,2,3,4,5,6,7,8,9,10,11,12,13,14,15,16,17,18,19,20,21,22,23,24,25,26,27,27A,27B,27C,27D,27E,27F,28,29,30,31,32,33,34,35,36,37,38,39,40,41,42,43,44,45,46,47,48,49,50,51,52,53,54,55,56,57,58,59,60,61,62,63,64,65,66,67,68,69,70,71,72,73,74,75,76,77,78,79,80,81,82,83,84,85,86,87,88,89,90,91,92,93,94,95,95A,95B,95C,95D,96,97,98,99,100,101,102,103,104,105,106,107
Abituzumab,0,human,K,1e-58,188.0,0,106,,,0.00,,0.00,D,I,Q,M,T,Q,S,P,S,S,L,S,A,S,V,G,D,R,V,T,I,T,C,R,A,S,Q,-,-,-,-,-,-,D,I,S,N,Y,L,A,W,Y,Q,Q,K,P,G,K,A,P,K,L,L,I,Y,Y,T,S,K,I,H,S,G,V,P,S,R,F,S,G,S,G,S,G,T,D,Y,T,F,T,I,S,S,L,Q,P,E,D,I,A,T,Y,Y,C,Q,Q,G,N,T,F,P,-,-,-,-,Y,T,F,G,Q,G,T,K,V,E,I,K
Afutuzumab,0,rhesus,K,8.8e-57,181.8,0,111,,,0.00,,0.00,D,I,V,M,T,Q,T,P,L,S,L,P,V,T,P,G,E,P,A,S,I,S,C,R,S,S,K,S,L,L,H,S,-,N,G,I,T,Y,L,Y,W,Y,L,Q,K,P,G,Q,S,P,Q,L,L,I,Y,Q,M,S,N,L,V,S,G,V,P,D,R,F,S,G,S,G,S,G,T,D,F,T,L,K,I,S,R,V,E,A,E,D,V,G,V,Y,Y,C,A,Q,N,L,E,L,P,-,-,-,-,Y,T,F,G,G,G,T,K,V,E,I,K
Alacizumab,0,human,K,4.2e-52,166.6,0,106,,,0.00,,0.00,D,I,Q,M,T,Q,S,P,S,S,L,S,A,S,V,G,D,R,V,T,I,T,C,R,A,S,Q,-,-,-,-,-,-,D,I,A,G,S,L,N,W,L,Q,Q,K,P,G,K,A,I,K,R,L,I,Y,A,T,S,S,L,D,S,G,V,P,K,R,F,S,G,S,R,S,G,S,D,Y,T,L,T,I,S,S,L,Q,P,E,D,F,A,T,Y,Y,C,L,Q,Y,G,S,F,P,-,-,-,-,P,T,F,G,Q,G,T,K,V,E,I,K
Alemtuzumab,0,human,K,2.5e-57,183.4,0,106,,,0.00,,0.00,D,I,Q,M,T,Q,S,P,S,S,L,S,A,S,V,G,D,R,V,T,I,T,C,K,A,S,Q,-,-,-,-,-,-,N,I,D,K,Y,L,N,W,Y,Q,Q,K,P,G,K,A,P,K,L,L,I,Y,N,T,N,N,L,Q,T,G,V,P,S,R,F,S,G,S,G,S,G,T,D,F,T,F,T,I,S,S,L,Q,P,E,D,I,A,T,Y,Y,C,L,Q,H,I,S,R,P,-,-,-,-,R,T,F,G,Q,G,T,K,V,E,I,K
Anrukinzumab,0,human,K,5.6e-60,192.0,0,110,,,0.00,,0.00,D,I,Q,M,T,Q,S,P,S,S,L,S,A,S,V,G,D,R,V,T,I,T,C,K,A,S,E,S,V,D,N,-,-,Y,G,K,S,L,M,H,W,Y,Q,Q,K,P,G,K,A,P,K,L,L,I,Y,R,A,S,N,L,E,S,G,V,P,S,R,F,S,G,S,G,S,G,T,D,F,T,L,T,I,S,S,L,Q,P,E,D,F,A,T,Y,Y,C,Q,Q,S,N,E,D,P,-,-,-,-,W,T,F,G,G,G,T,K,V,E,I,K
Atezolizumab,0,human,K,6.1e-58,185.4,0,106,,,0.00,,0.00,D,I,Q,M,T,Q,S,P,S,S,L,S,A,S,V,G,D,R,V,T,I,T,C,R,A,S,Q,-,-,-,-,-,-,D,V,S,T,A,V,A,W,Y,Q,Q,K,P,G,K,A,P,K,L,L,I,Y,S,A,S,F,L,Y,S,G,V,P,S,R,F,S,G,S,G,S,G,T,D,F,T,L,T,I,S,S,L,Q,P,E,D,F,A,T,Y,Y,C,Q,Q,Y,L,Y,H,P,-,-,-,-,A,T,F,G,Q,G,T,K,V,E,I,K
Bapineuzumab,0,rhesus,K,8.1e-57,181.9,0,111,,,0.00,,0.00,D,V,V,M,T,Q,S,P,L,S,L,P,V,T,P,G,E,P,A,S,I,S,C,K,S,S,Q,S,L,L,D,S,-,D,G,K,T,Y,L,N,W,L,L,Q,K,P,G,Q,S,P,Q,R,L,I,Y,L,V,S,K,L,D,S,G,V,P,D,R,F,S,G,S,G,S,G,T,D,F,T,L,K,I,S,R,V,E,A,E,D,V,G,V,Y,Y,C,W,Q,G,T,H,F,P,-,-,-,-,R,T,F,G,Q,G,T,K,V,E,I,K
Bemarituzumab,0,human,K,1.5e-57,184.2,0,106,,,0.00,,0.00,D,I,Q,M,T,Q,S,P,S,S,L,S,A,S,V,G,D,R,V,T,I,T,C,K,A,S,Q,-,-,-,-,-,-,G,V,S,N,D,V,A,W,Y,Q,Q,K,P,G,K,A,P,K,L,L,I,Y,S,A,S,Y,R,Y,T,G,V,P,S,R,F,S,G,S,G,S,G,T,D,F,T,F,T,I,S,S,L,Q,P,E,D,I,A,T,Y,Y,C,Q,Q,H,S,T,T,P,-,-,-,-,Y,T,F,G,Q,G,T,K,L,E,I,K
Benralizumab,0,human,K,1.7e-57,183.9,0,106,,,0.00,,0.00,D,I,Q,M,T,Q,S,P,S,S,L,S,A,S,V,G,D,R,V,T,I,T,C,G,T,S,E,-,-,-,-,-,-,D,I,I,N,Y,L,N,W,Y,Q,Q,K,P,G,K,A,P,K,L,L,I,Y,H,T,S,R,L,Q,S,G,V,P,S,R,F,S,G,S,G,S,G,T,D,F,T,L,T,I,S,S,L,Q,P,E,D,F,A,T,Y,Y,C,Q,Q,G,Y,T,L,P,-,-,-,-,Y,T,F,G,Q,G,T,K,V,E,I,K
Bevacizumab,0,human,K,3.2e-59,189.5,0,106,,,0.00,,0.00,D,I,Q,M,T,Q,S,P,S,S,L,S,A,S,V,G,D,R,V,T,I,T,C,S,A,S,Q,-,-,-,-,-,-,D,I,S,N,Y,L,N,W,Y,Q,Q,K,P,G,K,A,P,K,V,L,I,Y,F,T,S,S,L,H,S,G,V,P,S,R,F,S,G,S,G,S,G,T,D,F,T,L,T,I,S,S,L,Q,P,E,D,F,A,T,Y,Y,C,Q,Q,Y,S,T,V,P,-,-,-,-,W,T,F,G,Q,G,T,K,V,E,I,K
Bimekizumab,0,rhesus,K,2.1e-54,174.2,0,106,,,0.00,,0.00,A,I,Q,L,T,Q,S,P,S,S,L,S,A,S,V,G,D,R,V,T,I,T,C,R,A,D,E,-,-,-,-,-,-,S,V,R,T,L,M,H,W,Y,Q,Q,K,P,G,K,A,P,K,L,L,I,Y,L,V,S,N,S,E,I,G,V,P,D,R,F,S,G,S,G,S,G,T,D,F,R,L,T,I,S,S,L,Q,P,E,D,F,A,T,Y,Y,C,Q,Q,T,W,S,D,P,-,-,-,-,W,T,F,G,Q,G,T,K,V,E,I,K
Blosozumab,0,human,K,3.9e-58,186.1,0,106,,,0.00,,0.00,D,I,Q,M,T,Q,S,P,S,S,L,S,A,S,V,G,D,R,V,T,I,T,C,K,A,S,Q,-,-,-,-,-,-,D,V,H,T,A,V,A,W,Y,Q,Q,K,P,G,K,A,P,K,L,L,I,Y,W,A,S,T,R,W,T,G,V,P,S,R,F,S,G,S,G,S,G,T,D,F,T,L,T,I,S,S,L,Q,P,E,D,F,A,T,Y,Y,C,Q,Q,Y,S,D,Y,P,-,-,-,-,W,T,F,G,G,G,T,K,V,E,I,K
Bococizumab,0,human,K,1.2e-57,184.5,0,106,,,0.00,,0.00,D,I,Q,M,T,Q,S,P,S,S,L,S,A,S,V,G,D,R,V,T,I,T,C,R,A,S,Q,-,-,-,-,-,-,G,I,S,S,A,L,A,W,Y,Q,Q,K,P,G,K,A,P,K,L,L,I,Y,S,A,S,Y,R,Y,T,G,V,P,S,R,F,S,G,S,G,S,G,T,D,F,T,F,T,I,S,S,L,Q,P,E,D,I,A,T,Y,Y,C,Q,Q,R,Y,S,L,W,-,-,-,-,R,T,F,G,Q,G,T,K,L,E,I,K
Brolucizumab,0,human,K,5.6e-51,162.9,0,109,,,0.00,,0.00,E,I,V,M,T,Q,S,P,S,T,L,S,A,S,V,G,D,R,V,I,I,T,C,Q,A,S,E,-,-,-,-,-,-,I,I,H,S,W,L,A,W,Y,Q,Q,K,P,G,K,A,P,K,L,L,I,Y,L,A,S,T,L,A,S,G,V,P,S,R,F,S,G,S,G,S,G,A,E,F,T,L,T,I,S,S,L,Q,P,D,D,F,A,T,Y,Y,C,Q,N,V,Y,L,A,S,T,N,G,-,A,N,F,G,Q,G,T,K,L,T,V,L
Brontictuzumab,0,mouse,L,5.2e-53,169.5,0,108,,,0.00,,0.00,Q,A,V,V,T,Q,E,P,S,-,L,T,V,S,P,G,G,T,V,T,L,T,C,R,S,S,T,G,A,V,-,-,-,T,T,S,N,Y,A,N,W,F,Q,Q,K,P,G,Q,A,P,R,T,L,I,G,G,T,N,N,R,A,P,G,V,P,A,R,F,S,G,S,L,L,G,G,K,A,A,L,T,L,S,G,A,Q,P,E,D,E,A,E,Y,Y,C,A,L,W,Y,S,N,H,-,-,-,-,W,V,F,G,G,G,T,K,L,T,V,L
Cabiralizumab,0,human,K,1.4e-57,184.3,0,110,,,0.00,,0.00,E,I,V,L,T,Q,S,P,A,T,L,S,L,S,P,G,E,R,A,T,L,S,C,K,A,S,Q,S,V,D,Y,-,-,D,G,D,N,Y,M,N,W,Y,Q,Q,K,P,G,Q,A,P,R,L,L,I,Y,A,A,S,N,L,E,S,G,I,P,A,R,F,S,G,S,G,S,G,T,D,F,T,L,T,I,S,S,L,E,P,E,D,F,A,V,Y,Y,C,H,L,S,N,E,D,L,-,-,-,-,S,T,F,G,G,G,T,K,V,E,I,K
Camrelizumab,0,human,K,2.1e-56,180.4,0,106,,,0.00,,0.00,D,I,Q,M,T,Q,S,P,S,S,L,S,A,S,V,G,D,R,V,T,I,T,C,L,A,S,Q,-,-,-,-,-,-,T,I,G,T,W,L,T,W,Y,Q,Q,K,P,G,K,A,P,K,L,L,I,Y,T,A,T,S,L,A,D,G,V,P,S,R,F,S,G,S,G,S,G,T,D,F,T,L,T,I,S,S,L,Q,P,E,D,F,A,T,Y,Y,C,Q,Q,V,Y,S,I,P,-,-,-,-,W,T,F,G,G,G,T,K,V,E,I,K
Cantuzumab,0,human,K,4e-54,173.1,0,111,,,0.00,,0.00,D,I,V,M,T,Q,S,P,L,S,V,P,V,T,P,G,E,P,V,S,I,S,C,R,S,S,K,S,L,L,H,S,-,N,G,N,T,Y,L,Y,W,F,L,Q,R,P,G,Q,S,P,Q,L,L,I,Y,R,M,S,N,L,V,S,G,V,P,D,R,F,S,G,S,G,S,G,T,A,F,T,L,R,I,S,R,V,E,A,E,D,V,G,V,Y,Y,C,L,Q,H,L,E,Y,P,-,-,-,-,F,T,F,G,P,G,T,K,L,E,L,K
Cergutuzumab,0,human,K,4.8e-57,182.5,0,107,,,0.00,,0.00,D,I,Q,M,T,Q,S,P,S,S,L,S,A,S,V,G,D,R,V,T,I,T,C,K,A,S,A,-,-,-,-,-,-,A,V,G,T,Y,V,A,W,Y,Q,Q,K,P,G,K,A,P,K,L,L,I,Y,S,A,S,Y,R,K,R,G,V,P,S,R,F,S,G,S,G,S,G,T,D,F,T,L,T,I,S,S,L,Q,P,E,D,F,A,T,Y,Y,C,H,Q,Y,Y,T,Y,P,L,-,-,-,F,T,F,G,Q,G,T,K,L,E,I,K
Certolizumab,0,human,K,8e-57,181.8,0,106,,,0.00,,0.00,D,I,Q,M,T,Q,S,P,S,S,L,S,A,S,V,G,D,R,V,T,I,T,C,K,A,S,Q,-,-,-,-,-,-,N,V,G,T,N,V,A,W,Y,Q,Q,K,P,G,K,A,P,K,A,L,I,Y,S,A,S,F,L,Y,S,G,V,P,Y,R,F,S,G,S,G,S,G,T,D,F,T,L,T,I,S,S,L,Q,P,E,D,F,A,T,Y,Y,C,Q,Q,Y,N,I,Y,P,-,-,-,-,L,T,F,G,Q,G,T,K,V,E,I,K
Citatuzumab,0,rhesus,K,2e-57,183.9,0,111,,,0.00,,0.00,D,I,Q,M,T,Q,S,P,S,S,L,S,A,S,V,G,D,R,V,T,I,T,C,R,S,T,K,S,L,L,H,S,-,N,G,I,T,Y,L,Y,W,Y,Q,Q,K,P,G,K,A,P,K,L,L,I,Y,Q,M,S,N,L,A,S,G,V,P,S,R,F,S,S,S,G,S,G,T,D,F,T,L,T,I,S,S,L,Q,P,E,D,F,A,T,Y,Y,C,A,Q,N,L,E,I,P,-,-,-,-,R,T,F,G,Q,G,T,K,V,E,L,K
Clazakizumab,0,human,K,2.4e-57,183.5,0,109,,,0.00,,0.00,A,I,Q,M,T,Q,S,P,S,S,L,S,A,S,V,G,D,R,V,T,I,T,C,Q,A,S,Q,-,-,-,-,-,-,S,I,N,N,E,L,S,W,Y,Q,Q,K,P,G,K,A,P,K,L,L,I,Y,R,A,S,T,L,A,S,G,V,P,S,R,F,S,G,S,G,S,G,T,D,F,T,L,T,I,S,S,L,Q,P,D,D,F,A,T,Y,Y,C,Q,Q,G,Y,S,L,R,N,I,D,-,N,A,F,G,G,G,T,K,V,E,I,K
Clivatuzumab,0,mouse,K,4.5e-55,176.2,0,107,,,0.00,,0.00,D,I,Q,L,T,Q,S,P,S,S,L,S,A,S,V,G,D,R,V,T,M,T,C,S,A,S,S,S,-,-,-,-,-,V,S,S,S,Y,L,Y,W,Y,Q,Q,K,P,G,K,A,P,K,L,W,I,Y,S,T,S,N,L,A,S,G,V,P,A,R,F,S,G,S,G,S,G,T,D,F,T,L,T,I,S,S,L,Q,P,E,D,S,A,S,Y,F,C,H,Q,W,N,R,Y,P,-,-,-,-,Y,T,F,G,G,G,T,R,L,E,I,K
Codrituzumab,0,rhesus,K,1.7e-58,187.4,0,111,,,0.00,,0.00,D,V,V,M,T,Q,S,P,L,S,L,P,V,T,P,G,E,P,A,S,I,S,C,R,S,S,Q,S,L,V,H,S,-,N,R,N,T,Y,L,H,W,Y,L,Q,K,P,G,Q,S,P,Q,L,L,I,Y,K,V,S,N,R,F,S,G,V,P,D,R,F,S,G,S,G,S,G,T,D,F,T,L,K,I,S,R,V,E,A,E,D,V,G,V,Y,Y,C,S,Q,N,T,H,V,P,-,-,-,-,P,T,F,G,Q,G,T,K,L,E,I,K
Cofetuzumab,0,human,K,9e-58,184.9,0,110,,,0.00,,0.00,E,I,V,L,T,Q,S,P,A,T,L,S,L,S,P,G,E,R,A,T,L,S,C,R,A,S,E,S,V,D,S,-,-,Y,G,K,S,F,M,H,W,Y,Q,Q,K,P,G,Q,A,P,R,L,L,I,Y,R,A,S,N,L,E,S,G,I,P,A,R,F,S,G,S,G,S,G,T,D,F,T,L,T,I,S,S,L,E,P,E,D,F,A,V,Y,Y,C,Q,Q,S,N,E,D,P,-,-,-,-,W,T,F,G,G,G,T,K,L,E,I,K
Concizumab,0,rhesus,K,5.9e-57,182.4,0,111,,,0.00,,0.00,D,I,V,M,T,Q,T,P,L,S,L,S,V,T,P,G,Q,P,A,S,I,S,C,K,S,S,Q,S,L,L,E,S,-,D,G,K,T,Y,L,N,W,Y,L,Q,K,P,G,Q,S,P,Q,L,L,I,Y,L,V,S,I,L,D,S,G,V,P,D,R,F,S,G,S,G,S,G,T,D,F,T,L,K,I,S,R,V,E,A,E,D,V,G,V,Y,Y,C,L,Q,A,T,H,F,P,-,-,-,-,Q,T,F,G,G,G,T,K,V,E,I,K
Crenezumab,0,rhesus,K,4.5e-62,198.9,0,111,,,0.00,,0.00,D,I,V,M,T,Q,S,P,L,S,L,P,V,T,P,G,E,P,A,S,I,S,C,R,S,S,Q,S,L,V,Y,S,-,N,G,D,T,Y,L,H,W,Y,L,Q,K,P,G,Q,S,P,Q,L,L,I,Y,K,V,S,N,R,F,S,G,V,P,D,R,F,S,G,S,G,S,G,T,D,F,T,L,K,I,S,R,V,E,A,E,D,V,G,V,Y,Y,C,S,Q,S,T,H,V,P,-,-,-,-,W,T,F,G,Q,G,T,K,V,E,I,K
Crizanlizumab,0,human,K,1.2e-61,197.4,0,110,,,0.00,,0.00,D,I,Q,M,T,Q,S,P,S,S,L,S,A,S,V,G,D,R,V,T,I,T,C,K,A,S,Q,S,V,D,Y,-,-,D,G,H,S,Y,M,N,W,Y,Q,Q,K,P,G,K,A,P,K,L,L,I,Y,A,A,S,N,L,E,S,G,V,P,S,R,F,S,G,S,G,S,G,T,D,F,T,L,T,I,S,S,L,Q,P,E,D,F,A,T,Y,Y,C,Q,Q,S,D,E,N,P,-,-,-,-,L,T,F,G,G,G,T,K,V,E,I,K
Cusatuzumab,0,human,L,3.7e-46,147.5,0,109,,,0.00,,0.00,Q,A,V,V,T,Q,E,P,S,-,L,T,V,S,P,G,G,T,V,T,L,T,C,G,L,K,S,G,S,V,-,-,-,T,S,D,N,F,P,T,W,Y,Q,Q,T,P,G,Q,A,P,R,L,L,I,Y,N,T,N,T,R,H,S,G,V,P,D,R,F,S,G,S,I,L,G,N,K,A,A,L,T,I,T,G,A,Q,A,D,D,E,A,E,Y,F,C,A,L,F,I,S,N,P,S,-,-,-,V,E,F,G,G,G,T,Q,L,T,V,L
Dacetuzumab,0,rhesus,K,2.3e-62,199.9,0,111,,,0.00,,0.00,D,I,Q,M,T,Q,S,P,S,S,L,S,A,S,V,G,D,R,V,T,I,T,C,R,S,S,Q,S,L,V,H,S,-,N,G,N,T,F,L,H,W,Y,Q,Q,K,P,G,K,A,P,K,L,L,I,Y,T,V,S,N,R,F,S,G,V,P,S,R,F,S,G,S,G,S,G,T,D,F,T,L,T,I,S,S,L,Q,P,E,D,F,A,T,Y,F,C,S,Q,T,T,H,V,P,-,-,-,-,W,T,F,G,Q,G,T,K,V,E,I,K
Daclizumab,0,human,K,3.2e-55,176.6,0,105,,,0.00,,0.00,D,I,Q,M,T,Q,S,P,S,T,L,S,A,S,V,G,D,R,V,T,I,T,C,S,A,S,S,-,-,-,-,-,-,-,S,I,S,Y,M,H,W,Y,Q,Q,K,P,G,K,A,P,K,L,L,I,Y,T,T,S,N,L,A,S,G,V,P,A,R,F,S,G,S,G,S,G,T,E,F,T,L,T,I,S,S,L,Q,P,D,D,F,A,T,Y,Y,C,H,Q,R,S,T,Y,P,-,-,-,-,L,T,F,G,Q,G,T,K,V,E,V,K
Dalotuzumab,0,rhesus,K,3.4e-61,196.1,0,111,,,0.00,,0.00,D,I,V,M,T,Q,S,P,L,S,L,P,V,T,P,G,E,P,A,S,I,S,C,R,S,S,Q,S,I,V,H,S,-,N,G,N,T,Y,L,Q,W,Y,L,Q,K,P,G,Q,S,P,Q,L,L,I,Y,K,V,S,N,R,L,Y,G,V,P,D,R,F,S,G,S,G,S,G,T,D,F,T,L,K,I,S,R,V,E,A,E,D,V,G,V,Y,Y,C,F,Q,G,S,H,V,P,-,-,-,-,W,T,F,G,Q,G,T,K,V,E,I,K
Dapirolizumab,0,human,K,1.3e-54,174.6,0,106,,,0.00,,0.00,D,I,Q,M,T,Q,S,P,S,S,L,S,A,S,V,G,D,R,V,T,I,T,C,R,A,S,E,-,-,-,-,-,-,D,L,Y,Y,N,L,A,W,Y,Q,R,K,P,G,K,A,P,K,L,L,I,Y,D,T,Y,R,L,A,D,G,V,P,S,R,F,S,G,S,G,S,G,T,D,Y,T,L,T,I,S,S,L,Q,P,E,D,F,A,S,Y,Y,C,Q,Q,Y,Y,K,F,P,-,-,-,-,F,T,F,G,Q,G,T,K,V,E,I,K
Demcizumab,0,rhesus,K,2.5e-57,183.6,0,110,,,0.00,,0.00,D,I,V,M,T,Q,S,P,D,S,L,A,V,S,L,G,E,R,A,T,I,S,C,R,A,S,E,S,V,D,N,-,-,Y,G,I,S,F,M,K,W,F,Q,Q,K,P,G,Q,P,P,K,L,L,I,Y,A,A,S,N,Q,G,S,G,V,P,D,R,F,S,G,S,G,S,G,T,D,F,T,L,T,I,S,S,L,Q,A,E,D,V,A,V,Y,Y,C,Q,Q,S,K,E,V,P,-,-,-,-,W,T,F,G,G,G,T,K,V,E,I,K
Denintuzumab,0,human,K,4.9e-54,172.8,0,105,,,0.00,,0.00,E,I,V,L,T,Q,S,P,A,T,L,S,L,S,P,G,E,R,A,T,L,S,C,S,A,S,S,-,-,-,-,-,-,-,S,V,S,Y,M,H,W,Y,Q,Q,K,P,G,Q,A,P,R,L,L,I,Y,D,T,S,K,L,A,S,G,I,P,A,R,F,S,G,S,G,S,G,T,D,F,T,L,T,I,S,S,L,E,P,E,D,V,A,V,Y,Y,C,F,Q,G,S,V,Y,P,-,-,-,-,F,T,F,G,Q,G,T,K,L,E,I,K
Dezamizumab,0,human,K,1.9e-56,180.6,0,106,,,0.00,,0.00,D,I,Q,M,T,Q,S,P,S,S,L,S,A,S,V,G,D,R,V,T,I,T,C,R,A,S,E,-,-,-,-,-,-,N,I,Y,S,Y,L,A,W,Y,Q,Q,K,P,G,K,A,P,K,L,L,I,H,N,A,K,T,L,A,E,G,V,P,S,R,F,S,G,S,G,S,G,T,D,F,T,L,T,I,S,S,L,Q,P,E,D,F,A,T,Y,Y,C,Q,H,H,Y,G,A,P,-,-,-,-,L,T,F,G,Q,G,T,K,L,E,I,K
Domagrozumab,0,human,K,4.9e-58,185.7,0,106,,,0.00,,0.00,D,I,Q,M,T,Q,S,P,S,S,L,S,A,S,V,G,D,R,V,T,I,T,C,K,A,S,Q,-,-,-,-,-,-,D,V,S,T,A,V,A,W,Y,Q,Q,K,P,G,K,A,P,K,L,L,I,Y,S,A,S,Y,R,Y,T,G,V,P,S,R,F,S,G,S,G,S,G,T,D,F,T,L,T,I,S,S,L,Q,P,E,D,F,A,T,Y,Y,C,Q,Q,H,Y,S,T,P,-,-,-,-,W,T,F,G,G,G,T,K,V,E,I,K
Duligotuzumab,0,human,K,2.6e-58,186.6,0,106,,,0.00,,0.00,D,I,Q,M,T,Q,S,P,S,S,L,S,A,S,V,G,D,R,V,T,I,T,C,R,A,S,Q,-,-,-,-,-,-,N,I,A,T,D,V,A,W,Y,Q,Q,K,P,G,K,A,P,K,L,L,I,Y,S,A,S,F,L,Y,S,G,V,P,S,R,F,S,G,S,G,S,G,T,D,F,T,L,T,I,S,S,L,Q,P,E,D,F,A,T,Y,Y,C,Q,Q,S,E,P,E,P,-,-,-,-,Y,T,F,G,Q,G,T,K,V,E,I,K
Eculizumab,0,human,K,1.1e-54,174.9,0,106,,,0.00,,0.00,D,I,Q,M,T,Q,S,P,S,S,L,S,A,S,V,G,D,R,V,T,I,T,C,G,A,S,E,-,-,-,-,-,-,N,I,Y,G,A,L,N,W,Y,Q,Q,K,P,G,K,A,P,K,L,L,I,Y,G,A,T,N,L,A,D,G,V,P,S,R,F,S,G,S,G,S,G,T,D,F,T,L,T,I,S,S,L,Q,P,E,D,F,A,T,Y,Y,C,Q,N,V,L,N,T,P,-,-,-,-,L,T,F,G,Q,G,T,K,V,E,I,K
Efalizumab,0,human,K,4.1e-59,189.2,0,106,,,0.00,,0.00,D,I,Q,M,T,Q,S,P,S,S,L,S,A,S,V,G,D,R,V,T,I,T,C,R,A,S,K,-,-,-,-,-,-,T,I,S,K,Y,L,A,W,Y,Q,Q,K,P,G,K,A,P,K,L,L,I,Y,S,G,S,T,L,Q,S,G,V,P,S,R,F,S,G,S,G,S,G,T,D,F,T,L,T,I,S,S,L,Q,P,E,D,F,A,T,Y,Y,C,Q,Q,H,N,E,Y,P,-,-,-,-,L,T,F,G,Q,G,T,K,V,E,I,K
Elotuzumab,0,human,K,1.4e-57,184.3,0,106,,,0.00,,0.00,D,I,Q,M,T,Q,S,P,S,S,L,S,A,S,V,G,D,R,V,T,I,T,C,K,A,S,Q,-,-,-,-,-,-,D,V,G,I,A,V,A,W,Y,Q,Q,K,P,G,K,V,P,K,L,L,I,Y,W,A,S,T,R,H,T,G,V,P,D,R,F,S,G,S,G,S,G,T,D,F,T,L,T,I,S,S,L,Q,P,E,D,V,A,T,Y,Y,C,Q,Q,Y,S,S,Y,P,-,-,-,-,Y,T,F,G,Q,G,T,K,V,E,I,K
Emactuzumab,0,human,K,5.7e-57,182.3,0,105,,,0.00,,0.00,D,I,Q,M,T,Q,S,P,S,S,L,S,A,S,V,G,D,R,V,T,I,T,C,R,A,S,E,-,-,-,-,-,-,D,V,N,T,Y,V,S,W,Y,Q,Q,K,P,G,K,A,P,K,L,L,I,Y,A,A,S,N,R,Y,T,G,V,P,S,R,F,S,G,S,G,S,G,T,D,F,T,L,T,I,S,S,L,Q,P,E,D,F,A,T,Y,Y,C,Q,Q,S,F,S,Y,-,-,-,-,-,P,T,F,G,Q,G,T,K,L,E,I,K
Emicizumab,0,human,K,1.2e-55,178.0,0,106,,,0.00,,0.00,D,I,Q,M,T,Q,S,P,S,S,L,S,A,S,V,G,D,R,V,T,I,T,C,K,A,S,R,-,-,-,-,-,-,N,I,E,R,Q,L,A,W,Y,Q,Q,K,P,G,Q,A,P,E,L,L,I,Y,Q,A,S,R,K,E,S,G,V,P,D,R,F,S,G,S,R,Y,G,T,D,F,T,L,T,I,S,S,L,Q,P,E,D,I,A,T,Y,Y,C,Q,Q,Y,S,D,P,P,-,-,-,-,L,T,F,G,G,G,T,K,V,E,I,K
Emibetuzumab,0,human,K,1.2e-55,178.0,0,107,,,0.00,,0.00,D,I,Q,M,T,Q,S,P,S,S,L,S,A,S,V,G,D,R,V,T,I,T,C,S,V,S,S,S,-,-,-,-,-,V,S,S,I,Y,L,H,W,Y,Q,Q,K,P,G,K,A,P,K,L,L,I,Y,S,T,S,N,L,A,S,G,V,P,S,R,F,S,G,S,G,S,G,T,D,F,T,L,T,I,S,S,L,Q,P,E,D,F,A,T,Y,Y,C,Q,V,Y,S,G,Y,P,-,-,-,-,L,T,F,G,G,G,T,K,V,E,I,K
Enavatuzumab,0,human,K,1.7e-59,190.5,0,110,,,0.00,,0.00,D,I,Q,M,T,Q,S,P,S,S,L,S,A,S,V,G,D,R,V,T,I,T,C,R,A,S,Q,S,V,S,T,-,-,S,S,Y,S,Y,M,H,W,Y,Q,Q,K,P,G,K,A,P,K,L,L,I,K,Y,A,S,N,L,E,S,G,V,P,S,R,F,S,G,S,G,S,G,T,D,F,T,L,T,I,S,S,L,Q,P,E,D,F,A,T,Y,Y,C,Q,H,S,W,E,I,P,-,-,-,-,Y,T,F,G,G,G,T,K,V,E,I,K
Enoblituzumab,0,human,K,1.2e-57,184.5,0,106,,,0.00,,0.00,D,I,Q,L,T,Q,S,P,S,F,L,S,A,S,V,G,D,R,V,T,I,T,C,K,A,S,Q,-,-,-,-,-,-,N,V,D,T,N,V,A,W,Y,Q,Q,K,P,G,K,A,P,K,A,L,I,Y,S,A,S,Y,R,Y,S,G,V,P,S,R,F,S,G,S,G,S,G,T,D,F,T,L,T,I,S,S,L,Q,P,E,D,F,A,T,Y,Y,C,Q,Q,Y,N,N,Y,P,-,-,-,-,F,T,F,G,Q,G,T,K,L,E,I,K
Enokizumab,0,human,K,1.8e-55,177.4,0,106,,,0.00,,0.00,D,I,Q,M,T,Q,S,P,S,S,L,S,A,S,V,G,D,R,V,T,I,T,C,K,A,S,Q,-,-,-,-,-,-,H,V,I,T,H,V,T,W,Y,Q,Q,K,P,G,K,A,P,K,L,L,I,Y,G,T,S,Y,S,Y,S,G,V,P,S,R,F,S,G,S,G,S,G,T,D,F,T,L,T,I,S,S,L,Q,P,E,D,F,A,T,Y,Y,C,Q,Q,F,Y,E,Y,P,-,-,-,-,L,T,F,G,G,G,T,K,V,E,I,K
Epratuzumab,0,human,K,8.2e-61,194.7,0,111,,,0.00,,0.00,D,I,Q,L,T,Q,S,P,S,S,L,S,A,S,V,G,D,R,V,T,M,S,C,K,S,S,Q,S,V,L,Y,S,A,N,H,K,N,Y,L,A,W,Y,Q,Q,K,P,G,K,A,P,K,L,L,I,Y,W,A,S,T,R,E,S,G,V,P,S,R,F,S,G,S,G,S,G,T,D,F,T,F,T,I,S,S,L,Q,P,E,D,I,A,T,Y,Y,C,H,Q,Y,L,S,S,-,-,-,-,-,W,T,F,G,G,G,T,K,L,E,I,K
Eptinezumab,0,human,K,7.8e-56,178.6,0,111,,,0.00,,0.00,-,Q,V,L,T,Q,S,P,S,S,L,S,A,S,V,G,D,R,V,T,I,N,C,Q,A,S,Q,S,V,-,-,-,-,Y,H,N,T,Y,L,A,W,Y,Q,Q,K,P,G,K,V,P,K,Q,L,I,Y,D,A,S,T,L,A,S,G,V,P,S,R,F,S,G,S,G,S,G,T,D,F,T,L,T,I,S,S,L,Q,P,E,D,V,A,T,Y,Y,C,L,G,S,Y,D,C,T,N,G,D,C,F,V,F,G,G,G,T,K,V,E,I,K
Etaracizumab,0,human,K,3e-54,173.5,0,106,,,0.00,,0.00,E,I,V,L,T,Q,S,P,A,T,L,S,L,S,P,G,E,R,A,T,L,S,C,Q,A,S,Q,-,-,-,-,-,-,S,I,S,N,F,L,H,W,Y,Q,Q,R,P,G,Q,A,P,R,L,L,I,R,Y,R,S,Q,S,I,S,G,I,P,A,R,F,S,G,S,G,S,G,T,D,F,T,L,T,I,S,S,L,E,P,E,D,F,A,V,Y,Y,C,Q,Q,S,G,S,W,P,-,-,-,-,L,T,F,G,G,G,T,K,V,E,I,K
Etrolizumab,0,human,K,1.1e-56,181.4,0,106,,,0.00,,0.00,D,I,Q,M,T,Q,S,P,S,S,L,S,A,S,V,G,D,R,V,T,I,T,C,R,A,S,E,-,-,-,-,-,-,S,V,D,D,L,L,H,W,Y,Q,Q,K,P,G,K,A,P,K,L,L,I,K,Y,A,S,Q,S,I,S,G,V,P,S,R,F,S,G,S,G,S,G,T,D,F,T,L,T,I,S,S,L,Q,P,E,D,F,A,T,Y,Y,C,Q,Q,G,N,S,L,P,-,-,-,-,N,T,F,G,Q,G,T,K,V,E,I,K
Farletuzumab,0,mouse,K,2.3e-54,173.9,0,109,,,0.00,,0.00,D,I,Q,L,T,Q,S,P,S,S,L,S,A,S,V,G,D,R,V,T,I,T,C,S,V,S,S,S,-,-,-,-,-,I,S,S,N,N,L,H,W,Y,Q,Q,K,P,G,K,A,P,K,P,W,I,Y,G,T,S,N,L,A,S,G,V,P,S,R,F,S,G,S,G,S,G,T,D,Y,T,F,T,I,S,S,L,Q,P,E,D,I,A,T,Y,Y,C,Q,Q,W,S,S,Y,P,Y,M,-,-,Y,T,F,G,Q,G,T,K,V,E,I,K
Fibatuzumab,0,human,K,2.1e-58,186.9,0,106,,,0.00,,0.00,D,I,Q,M,T,Q,S,P,S,F,L,S,A,S,V,G,D,R,V,T,I,T,C,R,A,S,Q,-,-,-,-,-,-,G,I,I,S,Y,L,A,W,Y,Q,Q,K,P,E,K,A,P,K,R,L,I,Y,A,A,S,S,L,Q,S,G,V,P,S,R,F,S,G,S,G,S,G,T,E,F,T,L,T,I,S,S,L,Q,P,E,D,F,A,T,Y,Y,C,G,Q,Y,A,N,Y,P,-,-,-,-,Y,T,F,G,Q,G,T,K,L,E,I,K
Ficlatuzumab,0,mouse,K,6.9e-54,172.4,0,106,,,0.00,,0.00,D,I,V,M,T,Q,S,P,D,S,L,A,M,S,L,G,E,R,V,T,L,N,C,K,A,S,E,-,-,-,-,-,-,N,V,V,S,Y,V,S,W,Y,Q,Q,K,P,G,Q,S,P,K,L,L,I,Y,G,A,S,N,R,E,S,G,V,P,D,R,F,S,G,S,G,S,A,T,D,F,T,L,T,I,S,S,V,Q,A,E,D,V,A,D,Y,H,C,G,Q,S,Y,N,Y,P,-,-,-,-,Y,T,F,G,Q,G,T,K,L,E,I,K
Flotetuzumab,0,human,K,1.2e-59,190.9,0,112,,,0.00,,0.00,D,F,V,M,T,Q,S,P,D,S,L,A,V,S,L,G,E,R,V,T,M,S,C,K,S,S,Q,S,L,L,N,S,G,N,Q,K,N,Y,L,T,W,Y,Q,Q,K,P,G,Q,P,P,K,L,L,I,Y,W,A,S,T,R,E,S,G,V,P,D,R,F,S,G,S,G,S,G,T,D,F,T,L,T,I,S,S,L,Q,A,E,D,V,A,V,Y,Y,C,Q,N,D,Y,S,Y,P,-,-,-,-,Y,T,F,G,Q,G,T,K,L,E,I,K
Fontolizumab,0,human,K,7e-56,178.8,0,106,,,0.00,,0.00,D,I,Q,M,T,Q,S,P,S,T,L,S,A,S,V,G,D,R,V,T,I,T,C,K,A,S,E,-,-,-,-,-,-,N,V,D,T,Y,V,S,W,Y,Q,Q,K,P,G,K,A,P,K,L,L,I,Y,G,A,S,N,R,Y,T,G,V,P,S,R,F,S,G,S,G,S,G,T,D,F,T,L,T,I,S,S,L,Q,P,D,D,F,A,T,Y,Y,C,G,Q,S,Y,N,Y,P,-,-,-,-,F,T,F,G,Q,G,T,K,V,E,V,K
Fremanezumab,0,human,K,4.1e-54,173.1,0,106,,,0.00,,0.00,E,I,V,L,T,Q,S,P,A,T,L,S,L,S,P,G,E,R,A,T,L,S,C,K,A,S,K,-,-,-,-,-,-,R,V,T,T,Y,V,S,W,Y,Q,Q,K,P,G,Q,A,P,R,L,L,I,Y,G,A,S,N,R,Y,L,G,I,P,A,R,F,S,G,S,G,S,G,T,D,F,T,L,T,I,S,S,L,E,P,E,D,F,A,V,Y,Y,C,S,Q,S,Y,N,Y,P,-,-,-,-,Y,T,F,G,Q,G,T,K,L,E,I,K
Galcanezumab,0,human,K,8.1e-57,181.8,0,106,,,0.00,,0.00,D,I,Q,M,T,Q,S,P,S,S,L,S,A,S,V,G,D,R,V,T,I,T,C,R,A,S,K,-,-,-,-,-,-,D,I,S,K,Y,L,N,W,Y,Q,Q,K,P,G,K,A,P,K,L,L,I,Y,Y,T,S,G,Y,H,S,G,V,P,S,R,F,S,G,S,G,S,G,T,D,F,T,L,T,I,S,S,L,Q,P,E,D,F,A,T,Y,Y,C,Q,Q,G,D,A,L,P,-,-,-,-,P,T,F,G,G,G,T,K,V,E,I,K
Gatipotuzumab,0,rhesus,K,2e-55,177.4,0,111,,,0.00,,0.00,D,I,V,M,T,Q,S,P,L,S,N,P,V,T,P,G,E,P,A,S,I,S,C,R,S,S,K,S,L,L,H,S,-,N,G,I,T,Y,F,F,W,Y,L,Q,K,P,G,Q,S,P,Q,L,L,I,Y,Q,M,S,N,L,A,S,G,V,P,D,R,F,S,G,S,G,S,G,T,D,F,T,L,R,I,S,R,V,E,A,E,D,V,G,V,Y,Y,C,A,Q,N,L,E,L,P,-,-,-,-,P,T,F,G,Q,G,T,K,V,E,I,K
Gemtuzumab,0,rhesus,K,2.8e-55,177.0,0,110,,,0.00,,0.00,D,I,Q,L,T,Q,S,P,S,T,L,S,A,S,V,G,D,R,V,T,I,T,C,R,A,S,E,S,L,D,N,-,-,Y,G,I,R,F,L,T,W,F,Q,Q,K,P,G,K,A,P,K,L,L,M,Y,A,A,S,N,Q,G,S,G,V,P,S,R,F,S,G,S,G,S,G,T,E,F,T,L,T,I,S,S,L,Q,P,D,D,F,A,T,Y,Y,C,Q,Q,T,K,E,V,P,-,-,-,-,W,S,F,G,Q,G,T,K,V,E,V,K
Gevokizumab,0,human,K,2e-55,177.3,0,106,,,0.00,,0.00,D,I,Q,M,T,Q,S,T,S,S,L,S,A,S,V,G,D,R,V,T,I,T,C,R,A,S,Q,-,-,-,-,-,-,D,I,S,N,Y,L,S,W,Y,Q,Q,K,P,G,K,A,V,K,L,L,I,Y,Y,T,S,K,L,H,S,G,V,P,S,R,F,S,G,S,G,S,G,T,D,Y,T,L,T,I,S,S,L,Q,Q,E,D,F,A,T,Y,F,C,L,Q,G,K,M,L,P,-,-,-,-,W,T,F,G,Q,G,T,K,L,E,I,K
Ibalizumab,0,human,K,4e-60,192.5,0,111,,,0.00,,0.00,D,I,V,M,T,Q,S,P,D,S,L,A,V,S,L,G,E,R,V,T,M,N,C,K,S,S,Q,S,L,L,Y,S,T,N,Q,K,N,Y,L,A,W,Y,Q,Q,K,P,G,Q,S,P,K,L,L,I,Y,W,A,S,T,R,E,S,G,V,P,D,R,F,S,G,S,G,S,G,T,D,F,T,L,T,I,S,S,V,Q,A,E,D,V,A,V,Y,Y,C,Q,Q,Y,Y,S,Y,-,-,-,-,-,R,T,F,G,G,G,T,K,L,E,I,K
Idarucizumab,0,rhesus,K,2.5e-55,177.1,0,111,,,0.00,,0.00,D,V,V,M,T,Q,S,P,L,S,L,P,V,T,L,G,Q,P,A,S,I,S,C,K,S,S,Q,S,L,L,Y,T,-,D,G,K,T,Y,L,Y,W,F,L,Q,R,P,G,Q,S,P,R,R,L,I,Y,L,V,S,K,L,D,S,G,V,P,D,R,F,S,G,S,G,S,G,T,D,F,T,L,K,I,S,R,V,E,A,E,D,V,G,V,Y,Y,C,L,Q,S,T,H,F,P,-,-,-,-,H,T,F,G,G,G,T,K,V,E,I,K
Ifabotuzumab,0,human,K,2.1e-58,186.9,0,106,,,0.00,,0.00,D,I,Q,M,T,Q,S,P,S,F,L,S,A,S,V,G,D,R,V,T,I,T,C,R,A,S,Q,-,-,-,-,-,-,G,I,I,S,Y,L,A,W,Y,Q,Q,K,P,E,K,A,P,K,R,L,I,Y,A,A,S,S,L,Q,S,G,V,P,S,R,F,S,G,S,G,S,G,T,E,F,T,L,T,I,S,S,L,Q,P,E,D,F,A,T,Y,Y,C,G,Q,Y,A,N,Y,P,-,-,-,-,Y,T,F,G,Q,G,T,K,L,E,I,K
Iladatuzumab,0,human,K,2.7e-61,196.3,0,110,,,0.00,,0.00,D,I,Q,L,T,Q,S,P,S,S,L,S,A,S,V,G,D,R,V,T,I,T,C,K,A,S,Q,S,V,D,Y,-,-,E,G,D,S,F,L,N,W,Y,Q,Q,K,P,G,K,A,P,K,L,L,I,Y,A,A,S,N,L,E,S,G,V,P,S,R,F,S,G,S,G,S,G,T,D,F,T,L,T,I,S,S,L,Q,P,E,D,F,A,T,Y,Y,C,Q,Q,S,N,E,D,P,-,-,-,-,L,T,F,G,Q,G,T,K,V,E,I,K
Imgatuzumab,0,human,K,6.1e-58,185.4,0,105,,,0.00,,0.00,D,I,Q,M,T,Q,S,P,S,S,L,S,A,S,V,G,D,R,V,T,I,T,C,R,A,S,Q,-,-,-,-,-,-,G,I,N,N,Y,L,N,W,Y,Q,Q,K,P,G,K,A,P,K,R,L,I,Y,N,T,N,N,L,Q,T,G,V,P,S,R,F,S,G,S,G,S,G,T,E,F,T,L,T,I,S,S,L,Q,P,E,D,F,A,T,Y,Y,C,L,Q,H,N,S,F,-,-,-,-,-,P,T,F,G,Q,G,T,K,L,E,I,K
Inebilizumab,0,human,K,6.9e-54,172.3,0,110,,,0.00,,0.00,E,I,V,L,T,Q,S,P,D,F,Q,S,V,T,P,K,E,K,V,T,I,T,C,R,A,S,E,S,V,D,T,-,-,F,G,I,S,F,M,N,W,F,Q,Q,K,P,D,Q,S,P,K,L,L,I,H,E,A,S,N,Q,G,S,G,V,P,S,R,F,S,G,S,G,S,G,T,D,F,T,L,T,I,N,S,L,E,A,E,D,A,A,T,Y,Y,C,Q,Q,S,K,E,V,P,-,-,-,-,F,T,F,G,G,G,T,K,V,E,I,K
Inotuzumab,0,human,K,2.2e-57,183.6,0,111,,,0.00,,0.00,D,V,Q,V,T,Q,S,P,S,S,L,S,A,S,V,G,D,R,V,T,I,T,C,R,S,S,Q,S,L,A,N,S,-,Y,G,N,T,F,L,S,W,Y,L,H,K,P,G,K,A,P,Q,L,L,I,Y,G,I,S,N,R,F,S,G,V,P,D,R,F,S,G,S,G,S,G,T,D,F,T,L,T,I,S,S,L,Q,P,E,D,F,A,T,Y,Y,C,L,Q,G,T,H,Q,P,-,-,-,-,Y,T,F,G,Q,G,T,K,V,E,I,K
Itolizumab,0,rat,K,2.5e-54,173.9,0,106,,,0.00,,0.00,D,I,Q,M,T,Q,S,P,S,S,L,S,A,S,V,G,D,R,V,T,I,T,C,K,A,S,R,-,-,-,-,-,-,D,I,R,S,Y,L,T,W,Y,Q,Q,K,P,G,K,A,P,K,T,L,I,Y,Y,A,T,S,L,A,D,G,V,P,S,R,F,S,G,S,G,S,G,Q,D,Y,S,L,T,I,S,S,L,E,S,D,D,T,A,T,Y,Y,C,L,Q,H,G,E,S,P,-,-,-,-,F,T,L,G,S,G,T,K,L,E,I,K
Ixekizumab,0,rhesus,K,2.7e-57,183.5,0,111,,,0.00,,0.00,D,I,V,M,T,Q,T,P,L,S,L,S,V,T,P,G,Q,P,A,S,I,S,C,R,S,S,R,S,L,V,H,S,-,R,G,N,T,Y,L,H,W,Y,L,Q,K,P,G,Q,S,P,Q,L,L,I,Y,K,V,S,N,R,F,I,G,V,P,D,R,F,S,G,S,G,S,G,T,D,F,T,L,K,I,S,R,V,E,A,E,D,V,G,V,Y,Y,C,S,Q,S,T,H,L,P,-,-,-,-,F,T,F,G,Q,G,T,K,L,E,I,K
Labetuzumab,0,human,K,6.1e-55,175.7,0,105,,,0.00,,0.00,D,I,Q,L,T,Q,S,P,S,S,L,S,A,S,V,G,D,R,V,T,I,T,C,K,A,S,Q,-,-,-,-,-,-,D,V,G,T,S,V,A,W,Y,Q,Q,K,P,G,K,A,P,K,L,L,I,Y,W,T,S,T,R,H,T,G,V,P,S,R,F,S,G,S,G,S,G,T,D,F,T,F,T,I,S,S,L,Q,P,E,D,I,A,T,Y,Y,C,Q,Q,Y,S,L,Y,-,-,-,-,-,R,S,F,G,Q,G,T,K,V,E,I,K
Lacnotuzumab,0,mouse,K,3.7e-52,166.8,0,106,,,0.00,,0.00,D,I,V,L,T,Q,S,P,A,F,L,S,V,T,P,G,E,K,V,T,F,T,C,Q,A,S,Q,-,-,-,-,-,-,S,I,G,T,S,I,H,W,Y,Q,Q,K,T,D,Q,A,P,K,L,L,I,K,Y,A,S,E,S,I,S,G,I,P,S,R,F,S,G,S,G,S,G,T,D,F,T,L,T,I,S,S,V,E,A,E,D,A,A,D,Y,Y,C,Q,Q,I,N,S,W,P,-,-,-,-,T,T,F,G,G,G,T,K,L,E,I,K
Ladiratuzumab,0,human,K,4.3e-57,182.7,0,111,,,0.00,,0.00,D,V,V,M,T,Q,S,P,L,S,L,P,V,T,L,G,Q,P,A,S,I,S,C,R,S,S,Q,S,L,L,H,S,-,S,G,N,T,Y,L,E,W,Y,Q,Q,R,P,G,Q,S,P,R,P,L,I,Y,K,I,S,T,R,F,S,G,V,P,D,R,F,S,G,S,G,S,G,T,D,F,T,L,K,I,S,R,V,E,A,E,D,V,G,V,Y,Y,C,F,Q,G,S,H,V,P,-,-,-,-,Y,T,F,G,G,G,T,K,V,E,I,K
Lambrolizumab,0,human,K,5.5e-57,182.3,0,110,,,0.00,,0.00,E,I,V,L,T,Q,S,P,A,T,L,S,L,S,P,G,E,R,A,T,L,S,C,R,A,S,K,G,V,S,T,-,-,S,G,Y,S,Y,L,H,W,Y,Q,Q,K,P,G,Q,A,P,R,L,L,I,Y,L,A,S,Y,L,E,S,G,V,P,A,R,F,S,G,S,G,S,G,T,D,F,T,L,T,I,S,S,L,E,P,E,D,F,A,V,Y,Y,C,Q,H,S,R,D,L,P,-,-,-,-,L,T,F,G,G,G,T,K,V,E,I,K
Lampalizumab,0,human,K,3.5e-52,166.8,0,106,,,0.00,,0.00,D,I,Q,V,T,Q,S,P,S,S,L,S,A,S,V,G,D,R,V,T,I,T,C,I,T,S,T,-,-,-,-,-,-,D,I,D,D,D,M,N,W,Y,Q,Q,K,P,G,K,V,P,K,L,L,I,S,G,G,N,T,L,R,P,G,V,P,S,R,F,S,G,S,G,S,G,T,D,F,T,L,T,I,S,S,L,Q,P,E,D,V,A,T,Y,Y,C,L,Q,S,D,S,L,P,-,-,-,-,Y,T,F,G,Q,G,T,K,V,E,I,K
Landogrozumab,0,human,K,9.1e-56,178.4,0,107,,,0.00,,0.00,E,I,V,L,T,Q,S,P,G,T,L,S,L,S,P,G,E,R,A,T,L,S,C,R,A,S,S,S,-,-,-,-,-,V,S,S,S,Y,L,H,W,Y,Q,Q,K,P,G,Q,A,P,R,L,L,I,Y,S,T,S,N,L,V,A,G,I,P,D,R,F,S,G,S,G,S,G,T,D,F,T,L,T,I,S,R,L,E,P,E,D,F,A,V,Y,Y,C,Q,H,H,S,G,Y,H,-,-,-,-,F,T,F,G,G,G,T,K,V,E,I,K
Lebrikizumab,0,human,K,7.9e-58,185.1,0,110,,,0.00,,0.00,D,I,V,M,T,Q,S,P,D,S,L,S,V,S,L,G,E,R,A,T,I,N,C,R,A,S,K,S,V,D,S,-,-,Y,G,N,S,F,M,H,W,Y,Q,Q,K,P,G,Q,P,P,K,L,L,I,Y,L,A,S,N,L,E,S,G,V,P,D,R,F,S,G,S,G,S,G,T,D,F,T,L,T,I,S,S,L,Q,A,E,D,V,A,V,Y,Y,C,Q,Q,N,N,E,D,P,-,-,-,-,R,T,F,G,G,G,T,K,V,E,I,K
Lifastuzumab,0,human,K,2.7e-60,193.0,0,111,,,0.00,,0.00,D,I,Q,M,T,Q,S,P,S,S,L,S,A,S,V,G,D,R,V,T,I,T,C,R,S,S,E,T,L,V,H,S,-,S,G,N,T,Y,L,E,W,Y,Q,Q,K,P,G,K,A,P,K,L,L,I,Y,R,V,S,N,R,F,S,G,V,P,S,R,F,S,G,S,G,S,G,T,D,F,T,L,T,I,S,S,L,Q,P,E,D,F,A,T,Y,Y,C,F,Q,G,S,F,N,P,-,-,-,-,L,T,F,G,Q,G,T,K,V,E,I,K
Ligelizumab,0,human,K,3.5e-55,176.5,0,106,,,0.00,,0.00,E,I,V,M,T,Q,S,P,A,T,L,S,V,S,P,G,E,R,A,T,L,S,C,R,A,S,Q,-,-,-,-,-,-,S,I,G,T,N,I,H,W,Y,Q,Q,K,P,G,Q,A,P,R,L,L,I,Y,Y,A,S,E,S,I,S,G,I,P,A,R,F,S,G,S,G,S,G,T,E,F,T,L,T,I,S,S,L,Q,S,E,D,F,A,V,Y,Y,C,Q,Q,S,W,S,W,P,-,-,-,-,T,T,F,G,G,G,T,K,V,E,I,K
Lintuzumab,0,rhesus,K,8.5e-59,188.3,0,110,,,0.00,,0.00,D,I,Q,M,T,Q,S,P,S,S,L,S,A,S,V,G,D,R,V,T,I,T,C,R,A,S,E,S,V,D,N,-,-,Y,G,I,S,F,M,N,W,F,Q,Q,K,P,G,K,A,P,K,L,L,I,Y,A,A,S,N,Q,G,S,G,V,P,S,R,F,S,G,S,G,S,G,T,D,F,T,L,T,I,S,S,L,Q,P,D,D,F,A,T,Y,Y,C,Q,Q,S,K,E,V,P,-,-,-,-,W,T,F,G,Q,G,T,K,V,E,I,K
Lodelcizumab,0,human,K,2.3e-53,170.6,0,105,,,0.00,,0.00,Q,I,V,L,T,Q,S,P,A,T,L,S,V,S,P,G,E,R,A,T,L,S,C,R,A,S,Q,-,-,-,-,-,-,-,S,V,S,Y,M,H,W,Y,Q,Q,K,P,G,Q,A,P,R,L,L,I,Y,G,V,F,R,R,A,T,G,I,P,D,R,F,S,G,S,G,S,G,T,D,F,T,L,T,I,G,R,L,E,P,E,D,F,A,V,Y,Y,C,L,Q,W,S,S,D,P,-,-,-,-,P,T,F,G,Q,G,T,K,L,E,I,K
Lorvotuzumab,0,rhesus,K,6.1e-58,185.6,0,111,,,0.00,,0.00,D,V,V,M,T,Q,S,P,L,S,L,P,V,T,L,G,Q,P,A,S,I,S,C,R,S,S,Q,I,I,I,H,S,-,D,G,N,T,Y,L,E,W,F,Q,Q,R,P,G,Q,S,P,R,R,L,I,Y,K,V,S,N,R,F,S,G,V,P,D,R,F,S,G,S,G,S,G,T,D,F,T,L,K,I,S,R,V,E,A,E,D,V,G,V,Y,Y,C,F,Q,G,S,H,V,P,-,-,-,-,H,T,F,G,Q,G,T,K,V,E,I,K
Lumretuzumab,0,human,K,2.7e-60,193.0,0,112,,,0.00,,0.00,D,I,V,M,T,Q,S,P,D,S,L,A,V,S,L,G,E,R,A,T,I,N,C,K,S,S,Q,S,V,L,N,S,G,N,Q,K,N,Y,L,T,W,Y,Q,Q,K,P,G,Q,P,P,K,L,L,I,Y,W,A,S,T,R,E,S,G,V,P,D,R,F,S,G,S,G,S,G,T,D,F,T,L,T,I,S,S,L,Q,A,E,D,V,A,V,Y,Y,C,Q,S,D,Y,S,Y,P,-,-,-,-,Y,T,F,G,Q,G,T,K,L,E,I,K
Lutikizumab,0,human,K,1.8e-52,167.8,0,106,,,0.00,,0.00,D,I,Q,M,T,Q,S,P,S,S,L,S,A,S,V,G,D,R,V,T,I,T,C,R,A,S,G,-,-,-,-,-,-,N,I,H,N,Y,L,T,W,Y,Q,Q,T,P,G,K,A,P,K,L,L,I,Y,N,A,K,T,L,A,D,G,V,P,S,R,F,S,G,S,G,S,G,T,D,Y,T,F,T,I,S,S,L,Q,P,E,D,I,A,T,Y,Y,C,Q,H,F,W,S,I,P,-,-,-,-,Y,T,F,G,Q,G,T,K,L,Q,I,T
Matuzumab,0,human,K,2.6e-55,176.9,0,105,,,0.00,,0.00,D,I,Q,M,T,Q,S,P,S,S,L,S,A,S,V,G,D,R,V,T,I,T,C,S,A,S,S,-,-,-,-,-,-,-,S,V,T,Y,M,Y,W,Y,Q,Q,K,P,G,K,A,P,K,L,L,I,Y,D,T,S,N,L,A,S,G,V,P,S,R,F,S,G,S,G,S,G,T,D,Y,T,F,T,I,S,S,L,Q,P,E,D,I,A,T,Y,Y,C,Q,Q,W,S,S,H,I,-,-,-,-,F,T,F,G,Q,G,T,K,V,E,I,K
Mepolizumab,0,human,K,1.3e-59,190.8,0,112,,,0.00,,0.00,D,I,V,M,T,Q,S,P,D,S,L,A,V,S,L,G,E,R,A,T,I,N,C,K,S,S,Q,S,L,L,N,S,G,N,Q,K,N,Y,L,A,W,Y,Q,Q,K,P,G,Q,P,P,K,L,L,I,Y,G,A,S,T,R,E,S,G,V,P,D,R,F,S,G,S,G,S,G,T,D,F,T,L,T,I,S,S,L,Q,A,E,D,V,A,V,Y,Y,C,Q,N,V,H,S,F,P,-,-,-,-,F,T,F,G,G,G,T,K,L,E,I,K
Milatuzumab,0,human,K,1.4e-55,177.8,0,111,,,0.00,,0.00,D,I,Q,L,T,Q,S,P,L,S,L,P,V,T,L,G,Q,P,A,S,I,S,C,R,S,S,Q,S,L,V,H,R,-,N,G,N,T,Y,L,H,W,F,Q,Q,R,P,G,Q,S,P,R,L,L,I,Y,T,V,S,N,R,F,S,G,V,P,D,R,F,S,G,S,G,S,G,T,D,F,T,L,K,I,S,R,V,E,A,E,D,V,G,V,Y,F,C,S,Q,S,S,H,V,P,-,-,-,-,P,T,F,G,A,G,T,R,L,E,I,K
Mirikizumab,0,human,K,5.6e-55,175.9,0,106,,,0.00,,0.00,D,I,Q,M,T,Q,S,P,S,S,L,S,A,S,V,G,D,R,V,T,I,T,C,K,A,S,D,-,-,-,-,-,-,H,I,L,K,F,L,T,W,Y,Q,Q,K,P,G,K,A,P,K,L,L,I,Y,G,A,T,S,L,E,T,G,V,P,S,R,F,S,G,S,G,S,G,T,D,F,T,L,T,I,S,S,L,Q,P,E,D,F,A,T,Y,Y,C,Q,M,Y,W,S,T,P,-,-,-,-,F,T,F,G,G,G,T,K,V,E,I,K
Mogamulizumab,0,rhesus,K,1.6e-59,190.7,0,111,,,0.00,,0.00,D,V,L,M,T,Q,S,P,L,S,L,P,V,T,P,G,E,P,A,S,I,S,C,R,S,S,R,N,I,V,H,I,-,N,G,D,T,Y,L,E,W,Y,L,Q,K,P,G,Q,S,P,Q,L,L,I,Y,K,V,S,N,R,F,S,G,V,P,D,R,F,S,G,S,G,S,G,T,D,F,T,L,K,I,S,R,V,E,A,E,D,V,G,V,Y,Y,C,F,Q,G,S,L,L,P,-,-,-,-,W,T,F,G,Q,G,T,K,V,E,I,K
Monalizumab,0,human,K,2.9e-56,180.0,0,106,,,0.00,,0.00,D,I,Q,M,T,Q,S,P,S,S,L,S,A,S,V,G,D,R,V,T,I,T,C,R,A,S,E,-,-,-,-,-,-,N,I,Y,S,Y,L,A,W,Y,Q,Q,K,P,G,K,A,P,K,L,L,I,Y,N,A,K,T,L,A,E,G,V,P,S,R,F,S,G,S,G,S,G,T,D,F,T,L,T,I,S,S,L,Q,P,E,D,F,A,T,Y,Y,C,Q,H,H,Y,G,T,P,-,-,-,-,R,T,F,G,G,G,T,K,V,E,I,K
Mosunetuzumab,0,human,K,2.6e-59,189.9,0,111,,,0.00,,0.00,D,I,V,M,T,Q,S,P,D,S,L,A,V,S,L,G,E,R,A,T,I,N,C,K,S,S,Q,S,L,L,N,S,R,T,R,K,N,Y,L,A,W,Y,Q,Q,K,P,G,Q,P,P,K,L,L,I,Y,W,A,S,T,R,E,S,G,V,P,D,R,F,S,G,S,G,S,G,T,D,F,T,L,T,I,S,S,L,Q,A,E,D,V,A,V,Y,Y,C,T,Q,S,F,I,L,-,-,-,-,-,R,T,F,G,Q,G,T,K,V,E,I,K
Motavizumab,0,human,K,1.2e-53,171.6,0,105,,,0.00,,0.00,D,I,Q,M,T,Q,S,P,S,T,L,S,A,S,V,G,D,R,V,T,I,T,C,S,A,S,S,-,-,-,-,-,-,-,R,V,G,Y,M,H,W,Y,Q,Q,K,P,G,K,A,P,K,L,L,I,Y,D,T,S,K,L,A,S,G,V,P,S,R,F,S,G,S,G,S,G,T,E,F,T,L,T,I,S,S,L,Q,P,D,D,F,A,T,Y,Y,C,F,Q,G,S,G,Y,P,-,-,-,-,F,T,F,G,G,G,T,K,V,E,I,K
Natalizumab,0,human,K,3.4e-54,173.3,0,105,,,0.00,,0.00,D,I,Q,M,T,Q,S,P,S,S,L,S,A,S,V,G,D,R,V,T,I,T,C,K,T,S,Q,-,-,-,-,-,-,D,I,N,K,Y,M,A,W,Y,Q,Q,T,P,G,K,A,P,R,L,L,I,H,Y,T,S,A,L,Q,P,G,I,P,S,R,F,S,G,S,G,S,G,R,D,Y,T,F,T,I,S,S,L,Q,P,E,D,I,A,T,Y,Y,C,L,Q,Y,D,N,L,-,-,-,-,-,W,T,F,G,Q,G,T,K,V,E,I,K
Nemolizumab,0,human,K,5e-55,176.0,0,106,,,0.00,,0.00,D,I,Q,M,T,Q,S,P,S,S,L,S,A,S,V,G,D,R,V,T,I,T,C,Q,A,S,E,-,-,-,-,-,-,D,I,Y,S,F,V,A,W,Y,Q,Q,K,P,G,K,A,P,K,L,L,I,Y,N,A,Q,T,E,A,Q,G,V,P,S,R,F,S,G,S,G,S,G,T,D,F,T,L,T,I,S,S,L,Q,P,E,D,F,A,T,Y,Y,C,Q,H,H,Y,D,S,P,-,-,-,-,L,T,F,G,G,G,T,K,V,E,I,K
Nimotuzumab,0,human,K,8.7e-60,191.4,0,111,,,0.00,,0.00,D,I,Q,M,T,Q,S,P,S,S,L,S,A,S,V,G,D,R,V,T,I,T,C,R,S,S,Q,N,I,V,H,S,-,N,G,N,T,Y,L,D,W,Y,Q,Q,T,P,G,K,A,P,K,L,L,I,Y,K,V,S,N,R,F,S,G,V,P,S,R,F,S,G,S,G,S,G,T,D,F,T,F,T,I,S,S,L,Q,P,E,D,I,A,T,Y,Y,C,F,Q,Y,S,H,V,P,-,-,-,-,W,T,F,G,Q,G,T,K,L,Q,I,T
Obinutuzumab,0,rhesus,K,8.8e-57,181.8,0,111,,,0.00,,0.00,D,I,V,M,T,Q,T,P,L,S,L,P,V,T,P,G,E,P,A,S,I,S,C,R,S,S,K,S,L,L,H,S,-,N,G,I,T,Y,L,Y,W,Y,L,Q,K,P,G,Q,S,P,Q,L,L,I,Y,Q,M,S,N,L,V,S,G,V,P,D,R,F,S,G,S,G,S,G,T,D,F,T,L,K,I,S,R,V,E,A,E,D,V,G,V,Y,Y,C,A,Q,N,L,E,L,P,-,-,-,-,Y,T,F,G,G,G,T,K,V,E,I,K
Ocaratuzumab,0,human,K,4.5e-53,169.7,0,105,,,0.00,,0.00,E,I,V,L,T,Q,S,P,G,T,L,S,L,S,P,G,E,R,A,T,L,S,C,R,A,S,S,-,-,-,-,-,-,-,S,V,P,Y,I,H,W,Y,Q,Q,K,P,G,Q,A,P,R,L,L,I,Y,A,T,S,A,L,A,S,G,I,P,D,R,F,S,G,S,G,S,G,T,D,F,T,L,T,I,S,R,L,E,P,E,D,F,A,V,Y,Y,C,Q,Q,W,L,S,N,P,-,-,-,-,P,T,F,G,Q,G,T,K,L,E,I,K
Ocrelizumab,0,human,K,4.9e-56,179.3,0,105,,,0.00,,0.00,D,I,Q,M,T,Q,S,P,S,S,L,S,A,S,V,G,D,R,V,T,I,T,C,R,A,S,S,-,-,-,-,-,-,-,S,V,S,Y,M,H,W,Y,Q,Q,K,P,G,K,A,P,K,P,L,I,Y,A,P,S,N,L,A,S,G,V,P,S,R,F,S,G,S,G,S,G,T,D,F,T,L,T,I,S,S,L,Q,P,E,D,F,A,T,Y,Y,C,Q,Q,W,S,F,N,P,-,-,-,-,P,T,F,G,Q,G,T,K,V,E,I,K
Olendalizumab,0,human,K,2.9e-60,192.9,0,110,,,0.00,,0.00,D,I,Q,M,T,Q,S,P,S,S,L,S,A,S,V,G,D,R,V,T,I,T,C,R,A,S,E,S,V,D,S,-,-,Y,G,N,S,F,M,H,W,Y,Q,Q,K,P,G,K,A,P,K,L,L,I,Y,R,A,S,N,L,E,S,G,V,P,S,R,F,S,G,S,G,S,G,T,D,F,T,L,T,I,S,S,L,Q,P,E,D,F,A,T,Y,Y,C,Q,Q,S,N,E,D,P,-,-,-,-,Y,T,F,G,G,G,T,K,V,E,I,K
Olokizumab,0,human,K,2.6e-57,183.4,0,106,,,0.00,,0.00,D,I,Q,M,T,Q,S,P,S,S,L,S,A,S,V,G,D,R,V,T,I,T,C,Q,A,S,Q,-,-,-,-,-,-,D,I,G,I,S,L,S,W,Y,Q,Q,K,P,G,K,A,P,K,L,L,I,Y,N,A,N,N,L,A,D,G,V,P,S,R,F,S,G,S,G,S,G,T,D,F,T,L,T,I,S,S,L,Q,P,E,D,F,A,T,Y,Y,C,L,Q,H,N,S,A,P,-,-,-,-,Y,T,F,G,Q,G,T,K,L,E,I,K
Omalizumab,0,human,K,8.5e-62,197.9,0,110,,,0.00,,0.00,D,I,Q,L,T,Q,S,P,S,S,L,S,A,S,V,G,D,R,V,T,I,T,C,R,A,S,Q,S,V,D,Y,-,-,D,G,D,S,Y,M,N,W,Y,Q,Q,K,P,G,K,A,P,K,L,L,I,Y,A,A,S,Y,L,E,S,G,V,P,S,R,F,S,G,S,G,S,G,T,D,F,T,L,T,I,S,S,L,Q,P,E,D,F,A,T,Y,Y,C,Q,Q,S,H,E,D,P,-,-,-,-,Y,T,F,G,Q,G,T,K,V,E,I,K
Onartuzumab,0,rhesus,K,2.8e-63,202.8,0,112,,,0.00,,0.00,D,I,Q,M,T,Q,S,P,S,S,L,S,A,S,V,G,D,R,V,T,I,T,C,K,S,S,Q,S,L,L,Y,T,S,S,Q,K,N,Y,L,A,W,Y,Q,Q,K,P,G,K,A,P,K,L,L,I,Y,W,A,S,T,R,E,S,G,V,P,S,R,F,S,G,S,G,S,G,T,D,F,T,L,T,I,S,S,L,Q,P,E,D,F,A,T,Y,Y,C,Q,Q,Y,Y,A,Y,P,-,-,-,-,W,T,F,G,Q,G,T,K,V,E,I,K
Oportuzumab,0,rhesus,K,2e-57,183.9,0,111,,,0.00,,0.00,D,I,Q,M,T,Q,S,P,S,S,L,S,A,S,V,G,D,R,V,T,I,T,C,R,S,T,K,S,L,L,H,S,-,N,G,I,T,Y,L,Y,W,Y,Q,Q,K,P,G,K,A,P,K,L,L,I,Y,Q,M,S,N,L,A,S,G,V,P,S,R,F,S,S,S,G,S,G,T,D,F,T,L,T,I,S,S,L,Q,P,E,D,F,A,T,Y,Y,C,A,Q,N,L,E,I,P,-,-,-,-,R,T,F,G,Q,G,T,K,V,E,L,K
Otlertuzumab,0,rhesus,K,2.8e-56,180.2,0,106,,,0.00,,0.00,E,I,V,L,T,Q,S,P,A,T,L,S,L,S,P,G,E,R,A,T,L,S,C,R,A,S,E,-,-,-,-,-,-,N,V,Y,S,Y,L,A,W,Y,Q,Q,K,P,G,Q,A,P,R,L,L,I,Y,F,A,K,T,L,A,E,G,I,P,A,R,F,S,G,S,G,S,G,T,D,F,T,L,T,I,S,S,L,E,P,E,D,F,A,V,Y,Y,C,Q,H,H,S,D,N,P,-,-,-,-,W,T,F,G,Q,G,T,K,V,E,I,K
Ozanezumab,0,human,K,1.1e-54,174.9,0,111,,,0.00,,0.00,D,I,V,M,T,Q,S,P,L,S,N,P,V,T,L,G,Q,P,V,S,I,S,C,R,S,S,K,S,L,L,Y,K,-,D,G,K,T,Y,L,N,W,F,L,Q,R,P,G,Q,S,P,Q,L,L,I,Y,L,M,S,T,R,A,S,G,V,P,D,R,F,S,G,G,G,S,G,T,D,F,T,L,K,I,S,R,V,E,A,E,D,V,G,V,Y,Y,C,Q,Q,L,V,E,Y,P,-,-,-,-,L,T,F,G,Q,G,T,K,L,E,I,K
Palivizumab,0,human,K,5.2e-53,169.5,0,105,,,0.00,,0.00,D,I,Q,M,T,Q,S,P,S,T,L,S,A,S,V,G,D,R,V,T,I,T,C,K,C,Q,L,-,-,-,-,-,-,-,S,V,G,Y,M,H,W,Y,Q,Q,K,P,G,K,A,P,K,L,L,I,Y,D,T,S,K,L,A,S,G,V,P,S,R,F,S,G,S,G,S,G,T,E,F,T,L,T,I,S,S,L,Q,P,D,D,F,A,T,Y,Y,C,F,Q,G,S,G,Y,P,-,-,-,-,F,T,F,G,G,G,T,K,L,E,I,K
Parsatuzumab,0,human,K,1.6e-60,193.8,0,111,,,0.00,,0.00,D,I,Q,M,T,Q,S,P,S,S,L,S,A,S,V,G,D,R,V,T,I,T,C,R,T,S,Q,S,L,V,H,I,-,N,A,I,T,Y,L,H,W,Y,Q,Q,K,P,G,K,A,P,K,L,L,I,Y,R,V,S,N,R,F,S,G,V,P,S,R,F,S,G,S,G,S,G,T,D,F,T,L,T,I,S,S,L,Q,P,E,D,F,A,T,Y,Y,C,G,Q,S,T,H,V,P,-,-,-,-,L,T,F,G,Q,G,T,K,V,E,I,K
Pateclizumab,0,rhesus,K,2.9e-58,186.6,0,106,,,0.00,,0.00,D,I,Q,M,T,Q,S,P,S,S,L,S,A,S,V,G,D,R,V,T,I,T,C,R,A,S,Q,-,-,-,-,-,-,A,V,S,S,A,V,A,W,Y,Q,Q,K,P,G,K,A,P,K,L,L,I,Y,S,A,S,H,R,Y,T,G,V,P,S,R,F,S,G,S,G,S,G,T,D,F,T,L,T,I,S,S,L,Q,P,E,D,F,A,T,Y,Y,C,Q,E,S,Y,S,T,P,-,-,-,-,W,T,F,G,Q,G,T,K,V,E,I,K
Pembrolizumab,0,human,K,5.5e-57,182.3,0,110,,,0.00,,0.00,E,I,V,L,T,Q,S,P,A,T,L,S,L,S,P,G,E,R,A,T,L,S,C,R,A,S,K,G,V,S,T,-,-,S,G,Y,S,Y,L,H,W,Y,Q,Q,K,P,G,Q,A,P,R,L,L,I,Y,L,A,S,Y,L,E,S,G,V,P,A,R,F,S,G,S,G,S,G,T,D,F,T,L,T,I,S,S,L,E,P,E,D,F,A,V,Y,Y,C,Q,H,S,R,D,L,P,-,-,-,-,L,T,F,G,G,G,T,K,V,E,I,K
Perakizumab,0,human,K,1.5e-54,174.5,0,107,,,0.00,,0.00,D,I,Q,M,T,Q,S,P,S,S,L,S,A,S,V,G,D,R,V,T,I,T,C,R,A,S,Q,-,-,-,-,-,-,D,I,N,S,Y,L,S,W,F,Q,Q,K,P,G,K,A,P,K,S,L,I,V,R,A,N,R,L,V,D,G,V,P,S,R,F,S,G,S,G,S,G,Q,D,Y,S,L,T,I,S,S,L,Q,P,E,D,F,A,T,Y,Y,C,L,Q,Y,D,A,F,P,P,-,-,-,Y,T,F,G,Q,G,T,K,L,E,I,K
Pertuzumab,0,human,K,1.2e-57,184.4,0,106,,,0.00,,0.00,D,I,Q,M,T,Q,S,P,S,S,L,S,A,S,V,G,D,R,V,T,I,T,C,K,A,S,Q,-,-,-,-,-,-,D,V,S,I,G,V,A,W,Y,Q,Q,K,P,G,K,A,P,K,L,L,I,Y,S,A,S,Y,R,Y,T,G,V,P,S,R,F,S,G,S,G,S,G,T,D,F,T,L,T,I,S,S,L,Q,P,E,D,F,A,T,Y,Y,C,Q,Q,Y,Y,I,Y,P,-,-,-,-,Y,T,F,G,Q,G,T,K,V,E,I,K
Pidilizumab,0,mouse,K,2.2e-53,170.8,0,105,,,0.00,,0.00,E,I,V,L,T,Q,S,P,S,S,L,S,A,S,V,G,D,R,V,T,I,T,C,S,A,R,S,-,-,-,-,-,-,-,S,V,S,Y,M,H,W,F,Q,Q,K,P,G,K,A,P,K,L,W,I,Y,R,T,S,N,L,A,S,G,V,P,S,R,F,S,G,S,G,S,G,T,S,Y,C,L,T,I,N,S,L,Q,P,E,D,F,A,T,Y,Y,C,Q,Q,R,S,S,F,P,-,-,-,-,L,T,F,G,G,G,T,K,L,E,I,K
Pinatuzumab,0,human,K,2.4e-61,196.5,0,111,,,0.00,,0.00,D,I,Q,M,T,Q,S,P,S,S,L,S,A,S,V,G,D,R,V,T,I,T,C,R,S,S,Q,S,I,V,H,S,-,V,G,N,T,F,L,E,W,Y,Q,Q,K,P,G,K,A,P,K,L,L,I,Y,K,V,S,N,R,F,S,G,V,P,S,R,F,S,G,S,G,S,G,T,D,F,T,L,T,I,S,S,L,Q,P,E,D,F,A,T,Y,Y,C,F,Q,G,S,Q,F,P,-,-,-,-,Y,T,F,G,Q,G,T,K,V,E,I,K
Plozalizumab,0,human,K,4.9e-56,179.3,0,111,,,0.00,,0.00,D,V,V,M,T,Q,S,P,L,S,L,P,V,T,L,G,Q,P,A,S,I,S,C,K,S,S,Q,S,L,L,D,S,-,D,G,K,T,F,L,N,W,F,Q,Q,R,P,G,Q,S,P,R,R,L,I,Y,L,V,S,K,L,D,S,G,V,P,D,R,F,S,G,S,G,S,G,T,D,F,T,L,K,I,S,R,V,E,A,E,D,V,G,V,Y,Y,C,W,Q,G,T,H,F,P,-,-,-,-,Y,T,F,G,Q,G,T,R,L,E,I,K
Pogalizumab,0,human,K,4.1e-59,189.2,0,106,,,0.00,,0.00,D,I,Q,M,T,Q,S,P,S,S,L,S,A,S,V,G,D,R,V,T,I,T,C,R,A,S,Q,-,-,-,-,-,-,D,I,S,N,Y,L,N,W,Y,Q,Q,K,P,G,K,A,P,K,L,L,I,Y,Y,T,S,R,L,R,S,G,V,P,S,R,F,S,G,S,G,S,G,T,D,F,T,L,T,I,S,S,L,Q,P,E,D,F,A,T,Y,Y,C,Q,Q,G,H,T,L,P,-,-,-,-,P,T,F,G,Q,G,T,K,V,E,I,K
Polatuzumab,0,human,K,2.7e-61,196.3,0,110,,,0.00,,0.00,D,I,Q,L,T,Q,S,P,S,S,L,S,A,S,V,G,D,R,V,T,I,T,C,K,A,S,Q,S,V,D,Y,-,-,E,G,D,S,F,L,N,W,Y,Q,Q,K,P,G,K,A,P,K,L,L,I,Y,A,A,S,N,L,E,S,G,V,P,S,R,F,S,G,S,G,S,G,T,D,F,T,L,T,I,S,S,L,Q,P,E,D,F,A,T,Y,Y,C,Q,Q,S,N,E,D,P,-,-,-,-,L,T,F,G,Q,G,T,K,V,E,I,K
Ponezumab,0,human,K,9.9e-55,175.0,0,111,,,0.00,,0.00,D,V,V,M,T,Q,S,P,L,S,L,P,V,T,L,G,Q,P,A,S,I,S,C,K,S,S,Q,S,L,L,Y,S,-,D,A,K,T,Y,L,N,W,F,Q,Q,R,P,G,Q,S,P,R,R,L,I,Y,Q,I,S,R,L,D,P,G,V,P,D,R,F,S,G,S,G,S,G,T,D,F,T,L,K,I,S,R,V,E,A,E,D,V,G,V,Y,Y,C,L,Q,G,T,H,Y,P,-,-,-,-,V,L,F,G,Q,G,T,R,L,E,I,K
Prasinezumab,0,human,K,5.4e-60,192.1,0,112,,,0.00,,0.00,D,I,Q,M,T,Q,S,P,S,S,L,S,A,S,V,G,D,R,V,T,I,T,C,K,S,I,Q,T,L,L,Y,S,S,N,Q,K,N,Y,L,A,W,F,Q,Q,K,P,G,K,A,P,K,L,L,I,Y,W,A,S,I,R,K,S,G,V,P,S,R,F,S,G,S,G,S,G,T,D,F,T,L,T,I,S,S,L,Q,P,E,D,L,A,T,Y,Y,C,Q,Q,Y,Y,S,Y,P,-,-,-,-,L,T,F,G,G,G,T,K,L,E,I,K
Quilizumab,0,rhesus,K,4.6e-63,202.1,0,111,,,0.00,,0.00,D,I,Q,M,T,Q,S,P,S,S,L,S,A,S,V,G,D,R,V,T,I,T,C,R,S,S,Q,S,L,V,H,N,-,N,A,N,T,Y,L,H,W,Y,Q,Q,K,P,G,K,A,P,K,L,L,I,Y,K,V,S,N,R,F,S,G,V,P,S,R,F,S,G,S,G,S,G,T,D,F,T,L,T,I,S,S,L,Q,P,E,D,F,A,T,Y,Y,C,S,Q,N,T,L,V,P,-,-,-,-,W,T,F,G,Q,G,T,K,V,E,I,K
Ralpancizumab,0,human,K,9e-57,181.6,0,106,,,0.00,,0.00,D,I,Q,M,T,Q,S,P,S,S,L,S,A,S,V,G,D,R,V,T,I,T,C,K,A,S,Q,-,-,-,-,-,-,D,V,H,T,A,V,A,W,Y,Q,Q,K,P,G,K,A,P,K,L,L,I,Y,H,A,S,Y,R,Y,T,G,V,P,S,R,F,S,G,S,G,S,G,T,D,F,T,F,T,I,S,S,L,Q,P,E,D,I,A,T,Y,Y,C,Q,Q,R,Y,S,L,W,-,-,-,-,R,T,F,G,Q,G,T,K,L,E,I,K
Ranibizumab,0,human,K,9e-59,188.1,0,106,,,0.00,,0.00,D,I,Q,L,T,Q,S,P,S,S,L,S,A,S,V,G,D,R,V,T,I,T,C,S,A,S,Q,-,-,-,-,-,-,D,I,S,N,Y,L,N,W,Y,Q,Q,K,P,G,K,A,P,K,V,L,I,Y,F,T,S,S,L,H,S,G,V,P,S,R,F,S,G,S,G,S,G,T,D,F,T,L,T,I,S,S,L,Q,P,E,D,F,A,T,Y,Y,C,Q,Q,Y,S,T,V,P,-,-,-,-,W,T,F,G,Q,G,T,K,V,E,I,K
Ravulizumab,0,human,K,1.1e-54,174.9,0,106,,,0.00,,0.00,D,I,Q,M,T,Q,S,P,S,S,L,S,A,S,V,G,D,R,V,T,I,T,C,G,A,S,E,-,-,-,-,-,-,N,I,Y,G,A,L,N,W,Y,Q,Q,K,P,G,K,A,P,K,L,L,I,Y,G,A,T,N,L,A,D,G,V,P,S,R,F,S,G,S,G,S,G,T,D,F,T,L,T,I,S,S,L,Q,P,E,D,F,A,T,Y,Y,C,Q,N,V,L,N,T,P,-,-,-,-,L,T,F,G,Q,G,T,K,V,E,I,K
Refanezumab,0,human,K,4.9e-60,192.2,0,111,,,0.00,,0.00,D,I,V,M,T,Q,S,P,D,S,L,A,V,S,L,G,E,R,A,T,I,N,C,K,S,S,H,S,V,L,Y,S,S,N,Q,K,N,Y,L,A,W,Y,Q,Q,K,P,G,Q,P,P,K,L,L,I,Y,W,A,S,T,R,E,S,G,V,P,D,R,F,S,G,S,G,S,G,T,D,F,T,L,T,I,S,S,L,Q,A,E,D,V,A,V,Y,Y,C,H,Q,Y,L,S,S,-,-,-,-,-,L,T,F,G,Q,G,T,K,L,E,I,K
Reslizumab,0,human,K,5.5e-55,175.9,0,106,,,0.00,,0.00,D,I,Q,M,T,Q,S,P,S,S,L,S,A,S,V,G,D,R,V,T,I,T,C,L,A,S,E,-,-,-,-,-,-,G,I,S,S,Y,L,A,W,Y,Q,Q,K,P,G,K,A,P,K,L,L,I,Y,G,A,N,S,L,Q,T,G,V,P,S,R,F,S,G,S,G,S,A,T,D,Y,T,L,T,I,S,S,L,Q,P,E,D,F,A,T,Y,Y,C,Q,Q,S,Y,K,F,P,-,-,-,-,N,T,F,G,Q,G,T,K,V,E,V,K
Risankizumab,0,mouse,K,1.3e-53,171.6,0,106,,,0.00,,0.00,D,I,Q,M,T,Q,S,P,S,S,L,S,A,S,V,G,D,R,V,T,I,T,C,K,A,S,R,-,-,-,-,-,-,D,V,A,I,A,V,A,W,Y,Q,Q,K,P,G,K,V,P,K,L,L,I,Y,W,A,S,T,R,H,T,G,V,P,S,R,F,S,G,S,G,S,R,T,D,F,T,L,T,I,S,S,L,Q,P,E,D,V,A,D,Y,F,C,H,Q,Y,S,S,Y,P,-,-,-,-,F,T,F,G,S,G,T,K,L,E,I,K
Rivabazumab,0,human,K,5.7e-54,172.6,0,106,,,0.00,,0.00,D,I,Q,L,T,Q,S,P,S,T,L,S,A,S,V,G,D,S,V,T,I,T,C,R,A,S,E,-,-,-,-,-,-,G,V,D,R,W,L,A,W,Y,Q,Q,K,P,G,R,A,P,K,L,L,I,Y,D,A,S,T,L,Q,S,G,V,P,S,R,F,S,G,S,G,S,G,T,E,F,S,L,T,I,S,S,L,Q,P,D,D,V,A,T,Y,Y,C,Q,H,F,W,G,T,P,-,-,-,-,Y,T,F,G,Q,G,T,K,L,E,I,K
Romosozumab,0,human,K,3e-59,189.7,0,106,,,0.00,,0.00,D,I,Q,M,T,Q,S,P,S,S,L,S,A,S,V,G,D,R,V,T,I,T,C,R,A,S,Q,-,-,-,-,-,-,D,I,S,N,Y,L,N,W,Y,Q,Q,K,P,G,K,A,P,K,L,L,I,Y,Y,T,S,R,L,L,S,G,V,P,S,R,F,S,G,S,G,S,G,T,D,F,T,L,T,I,S,S,L,Q,P,E,D,F,A,T,Y,Y,C,Q,Q,G,D,T,L,P,-,-,-,-,Y,T,F,G,G,G,T,K,V,E,I,K
Rontalizumab,0,human,K,1.6e-58,187.3,0,110,,,0.00,,0.00,D,I,Q,M,T,Q,S,P,S,S,L,S,A,S,V,G,D,R,V,T,I,T,C,R,A,S,Q,S,V,S,T,-,-,S,S,Y,S,Y,M,H,W,Y,Q,Q,K,P,G,K,A,P,K,V,L,I,S,Y,A,S,N,L,E,S,G,V,P,S,R,F,S,G,S,G,S,G,T,D,F,T,L,T,I,S,S,L,Q,P,E,D,F,A,T,Y,Y,C,Q,H,S,W,G,I,P,-,-,-,-,R,T,F,G,Q,G,T,K,V,E,I,K
Rosmantuzumab,0,human,K,4.2e-60,192.4,0,110,,,0.00,,0.00,D,I,Q,M,T,Q,S,P,S,S,L,S,A,S,V,G,D,R,V,T,I,T,C,K,A,S,Q,S,V,D,Y,-,-,D,G,D,S,Y,M,N,W,Y,Q,Q,K,P,G,K,A,P,K,L,L,I,Y,A,A,S,N,L,E,S,G,V,P,S,R,F,S,G,S,G,S,G,T,D,F,T,L,T,I,S,P,V,Q,A,E,D,F,A,T,Y,Y,C,Q,Q,S,N,E,D,P,-,-,-,-,L,T,F,G,A,G,T,K,L,E,L,K
Rovalpituzumab,0,human,K,9.4e-57,181.6,0,106,,,0.00,,0.00,E,I,V,M,T,Q,S,P,A,T,L,S,V,S,P,G,E,R,A,T,L,S,C,K,A,S,Q,-,-,-,-,-,-,S,V,S,N,D,V,V,W,Y,Q,Q,K,P,G,Q,A,P,R,L,L,I,Y,Y,A,S,N,R,Y,T,G,I,P,A,R,F,S,G,S,G,S,G,T,E,F,T,L,T,I,S,S,L,Q,S,E,D,F,A,V,Y,Y,C,Q,Q,D,Y,T,S,P,-,-,-,-,W,T,F,G,Q,G,T,K,L,E,I,K
Ruplizumab,0,human,K,2.6e-56,180.2,0,110,,,0.00,,0.00,D,I,V,L,T,Q,S,P,A,T,L,S,V,S,P,G,E,R,A,T,I,S,C,R,A,S,Q,R,V,S,S,-,-,S,T,Y,S,Y,M,H,W,Y,Q,Q,K,P,G,Q,P,P,K,L,L,I,K,Y,A,S,N,L,E,S,G,V,P,A,R,F,S,G,S,G,S,G,T,D,F,T,L,T,I,S,S,V,E,P,E,D,F,A,T,Y,Y,C,Q,H,S,W,E,I,P,-,-,-,-,P,T,F,G,G,G,T,K,L,E,I,K
Sacituzumab,0,human,K,9.2e-57,181.6,0,106,,,0.00,,0.00,D,I,Q,L,T,Q,S,P,S,S,L,S,A,S,V,G,D,R,V,S,I,T,C,K,A,S,Q,-,-,-,-,-,-,D,V,S,I,A,V,A,W,Y,Q,Q,K,P,G,K,A,P,K,L,L,I,Y,S,A,S,Y,R,Y,T,G,V,P,D,R,F,S,G,S,G,S,G,T,D,F,T,L,T,I,S,S,L,Q,P,E,D,F,A,V,Y,Y,C,Q,Q,H,Y,I,T,P,-,-,-,-,L,T,F,G,A,G,T,K,V,E,I,K
Samalizumab,0,rat,K,4.9e-57,182.7,0,106,,,0.00,,0.00,D,I,Q,M,T,Q,S,P,S,S,L,S,A,S,I,G,D,R,V,T,I,T,C,K,A,S,Q,-,-,-,-,-,-,D,I,N,S,Y,L,S,W,F,Q,Q,K,P,G,K,A,P,K,L,L,I,Y,R,A,N,R,L,V,D,G,V,P,S,R,F,S,G,S,G,S,G,T,D,Y,T,L,T,I,S,S,L,Q,P,E,D,F,A,V,Y,Y,C,L,Q,Y,D,E,F,P,-,-,-,-,Y,T,F,G,G,G,T,K,L,E,I,K
Sapelizumab,0,human,K,8.9e-54,172.0,0,106,,,0.00,,0.00,D,I,Q,M,T,Q,S,P,S,S,L,S,A,S,V,G,D,S,V,T,I,T,C,Q,A,S,T,-,-,-,-,-,-,D,I,S,S,H,L,N,W,Y,Q,Q,K,P,G,K,A,P,E,L,L,I,Y,Y,G,S,H,L,L,S,G,V,P,S,R,F,S,G,S,G,S,G,T,D,F,T,F,T,I,S,S,L,E,A,E,D,A,A,T,Y,Y,C,G,Q,G,N,R,L,P,-,-,-,-,Y,T,F,G,Q,G,T,K,V,E,I,E
Satralizumab,0,human,K,8.9e-54,172.0,0,106,,,0.00,,0.00,D,I,Q,M,T,Q,S,P,S,S,L,S,A,S,V,G,D,S,V,T,I,T,C,Q,A,S,T,-,-,-,-,-,-,D,I,S,S,H,L,N,W,Y,Q,Q,K,P,G,K,A,P,E,L,L,I,Y,Y,G,S,H,L,L,S,G,V,P,S,R,F,S,G,S,G,S,G,T,D,F,T,F,T,I,S,S,L,E,A,E,D,A,A,T,Y,Y,C,G,Q,G,N,R,L,P,-,-,-,-,Y,T,F,G,Q,G,T,K,V,E,I,E
Simtuzumab,0,human,K,3.3e-57,183.0,0,111,,,0.00,,0.00,D,I,V,M,T,Q,T,P,L,S,L,S,V,T,P,G,Q,P,A,S,I,S,C,R,S,S,K,S,L,L,H,S,-,N,G,N,T,Y,L,Y,W,F,L,Q,K,P,G,Q,S,P,Q,F,L,I,Y,R,M,S,N,L,A,S,G,V,P,D,R,F,S,G,S,G,S,G,T,D,F,T,L,K,I,S,R,V,E,A,E,D,V,G,V,Y,Y,C,M,Q,H,L,E,Y,P,-,-,-,-,Y,T,F,G,G,G,T,K,V,E,I,K
Sofituzumab,0,human,K,2.9e-57,183.2,0,106,,,0.00,,0.00,D,I,Q,M,T,Q,S,P,S,S,L,S,A,S,V,G,D,R,V,T,I,T,C,K,A,S,D,-,-,-,-,-,-,L,I,H,N,W,L,A,W,Y,Q,Q,K,P,G,K,A,P,K,L,L,I,Y,G,A,T,S,L,E,T,G,V,P,S,R,F,S,G,S,G,S,G,T,D,F,T,L,T,I,S,S,L,Q,P,E,D,F,A,T,Y,Y,C,Q,Q,Y,W,T,T,P,-,-,-,-,F,T,F,G,Q,G,T,K,V,E,I,K
Solanezumab,0,rhesus,K,1.6e-60,193.9,0,111,,,0.00,,0.00,D,V,V,M,T,Q,S,P,L,S,L,P,V,T,L,G,Q,P,A,S,I,S,C,R,S,S,Q,S,L,I,Y,S,-,D,G,N,A,Y,L,H,W,F,L,Q,K,P,G,Q,S,P,R,L,L,I,Y,K,V,S,N,R,F,S,G,V,P,D,R,F,S,G,S,G,S,G,T,D,F,T,L,K,I,S,R,V,E,A,E,D,V,G,V,Y,Y,C,S,Q,S,T,H,V,P,-,-,-,-,W,T,F,G,Q,G,T,K,V,E,I,K
Spartalizumab,0,human,K,8.8e-59,188.1,0,112,,,0.00,,0.00,E,I,V,L,T,Q,S,P,A,T,L,S,L,S,P,G,E,R,A,T,L,S,C,K,S,S,Q,S,L,L,D,S,G,N,Q,K,N,F,L,T,W,Y,Q,Q,K,P,G,Q,A,P,R,L,L,I,Y,W,A,S,T,R,E,S,G,V,P,S,R,F,S,G,S,G,S,G,T,D,F,T,F,T,I,S,S,L,E,A,E,D,A,A,T,Y,Y,C,Q,N,D,Y,S,Y,P,-,-,-,-,Y,T,F,G,Q,G,T,K,V,E,I,K
Suvizumab,0,rhesus,K,3.1e-59,189.8,0,112,,,0.00,,0.00,D,I,Q,M,T,Q,R,P,D,S,L,S,A,S,V,G,D,R,V,T,M,S,C,K,S,S,Q,S,L,L,N,S,G,D,Q,K,N,Y,L,T,W,Y,Q,Q,K,P,G,Q,P,P,K,L,L,I,Y,W,A,S,T,G,E,S,G,V,P,D,R,F,S,G,S,G,S,G,T,D,F,T,F,T,I,S,S,L,Q,P,E,D,I,A,T,Y,Y,C,Q,N,D,Y,S,Y,P,-,-,-,-,W,T,F,G,Q,G,T,K,V,E,I,K
Tadocizumab,0,rhesus,K,3e-58,186.6,0,106,,,0.00,,0.00,D,I,Q,M,T,Q,T,P,S,T,L,S,A,S,V,G,D,R,V,T,I,S,C,R,A,S,Q,-,-,-,-,-,-,D,I,N,N,Y,L,N,W,Y,Q,Q,K,P,G,K,A,P,K,L,L,I,Y,Y,T,S,T,L,H,S,G,V,P,S,R,F,S,G,S,G,S,G,T,D,Y,T,L,T,I,S,S,L,Q,P,D,D,F,A,T,Y,F,C,Q,Q,G,N,T,L,P,-,-,-,-,W,T,F,G,Q,G,T,K,V,E,V,K
Talacotuzumab,0,human,K,3.4e-59,189.5,0,112,,,0.00,,0.00,D,I,V,M,T,Q,S,P,D,S,L,A,V,S,L,G,E,R,A,T,I,N,C,E,S,S,Q,S,L,L,N,S,G,N,Q,K,N,Y,L,T,W,Y,Q,Q,K,P,G,Q,P,P,K,P,L,I,Y,W,A,S,T,R,E,S,G,V,P,D,R,F,S,G,S,G,S,G,T,D,F,T,L,T,I,S,S,L,Q,A,E,D,V,A,V,Y,Y,C,Q,N,D,Y,S,Y,P,-,-,-,-,Y,T,F,G,Q,G,T,K,L,E,I,K
Tanezumab,0,human,K,7.6e-59,188.3,0,106,,,0.00,,0.00,D,I,Q,M,T,Q,S,P,S,S,L,S,A,S,V,G,D,R,V,T,I,T,C,R,A,S,Q,-,-,-,-,-,-,S,I,S,N,N,L,N,W,Y,Q,Q,K,P,G,K,A,P,K,L,L,I,Y,Y,T,S,R,F,H,S,G,V,P,S,R,F,S,G,S,G,S,G,T,D,F,T,F,T,I,S,S,L,Q,P,E,D,I,A,T,Y,Y,C,Q,Q,E,H,T,L,P,-,-,-,-,Y,T,F,G,Q,G,T,K,L,E,I,K
Telisotuzumab,0,human,K,1.6e-57,184.0,0,110,,,0.00,,0.00,D,I,V,M,T,Q,S,P,D,S,L,A,V,S,L,G,E,R,A,T,I,N,C,K,S,S,E,S,V,D,S,-,-,Y,A,N,S,F,L,H,W,Y,Q,Q,K,P,G,Q,P,P,K,L,L,I,Y,R,A,S,T,R,E,S,G,V,P,D,R,F,S,G,S,G,S,G,T,D,F,T,L,T,I,S,S,L,Q,A,E,D,V,A,V,Y,Y,C,Q,Q,S,K,E,D,P,-,-,-,-,L,T,F,G,G,G,T,K,V,E,I,K
Teplizumab,0,mouse,K,8e-52,165.7,0,105,,,0.00,,0.00,D,I,Q,M,T,Q,S,P,S,S,L,S,A,S,V,G,D,R,V,T,I,T,C,S,A,S,S,-,-,-,-,-,-,-,S,V,S,Y,M,N,W,Y,Q,Q,T,P,G,K,A,P,K,R,W,I,Y,D,T,S,K,L,A,S,G,V,P,S,R,F,S,G,S,G,S,G,T,D,Y,T,F,T,I,S,S,L,Q,P,E,D,I,A,T,Y,Y,C,Q,Q,W,S,S,N,P,-,-,-,-,F,T,F,G,Q,G,T,K,L,Q,I,T
Tibulizumab,0,human,K,2.8e-56,180.0,0,106,,,0.00,,0.00,E,I,V,L,T,Q,S,P,A,T,L,S,L,S,P,G,E,R,A,T,L,S,C,R,A,S,Q,-,-,-,-,-,-,S,V,S,R,Y,L,A,W,Y,Q,Q,K,P,G,Q,A,P,R,L,L,I,Y,D,A,S,N,R,A,T,G,I,P,A,R,F,S,G,S,G,S,G,T,D,S,T,L,T,I,S,S,L,E,P,E,D,F,A,V,Y,Y,C,Q,Q,R,S,N,W,P,-,-,-,-,R,T,F,G,Q,G,T,K,V,E,I,K
Tigatuzumab,0,human,K,2e-57,183.8,0,105,,,0.00,,0.00,D,I,Q,M,T,Q,S,P,S,S,L,S,A,S,V,G,D,R,V,T,I,T,C,K,A,S,Q,-,-,-,-,-,-,D,V,G,T,A,V,A,W,Y,Q,Q,K,P,G,K,A,P,K,L,L,I,Y,W,A,S,T,R,H,T,G,V,P,S,R,F,S,G,S,G,S,G,T,D,F,T,L,T,I,S,S,L,Q,P,E,D,F,A,T,Y,Y,C,Q,Q,Y,S,S,Y,-,-,-,-,-,R,T,F,G,Q,G,T,K,V,E,I,K
Tildrakizumab,0,human,K,3.3e-57,183.0,0,106,,,0.00,,0.00,D,I,Q,M,T,Q,S,P,S,S,L,S,A,S,V,G,D,R,V,T,I,T,C,R,T,S,E,-,-,-,-,-,-,N,I,Y,S,Y,L,A,W,Y,Q,Q,K,P,G,K,A,P,K,L,L,I,Y,N,A,K,T,L,A,E,G,V,P,S,R,F,S,G,S,G,S,G,T,D,F,T,L,T,I,S,S,L,Q,P,E,D,F,A,T,Y,Y,C,Q,H,H,Y,G,I,P,-,-,-,-,F,T,F,G,Q,G,T,K,V,E,I,K
Timigutuzumab,0,human,K,2.2e-56,180.4,0,106,,,0.00,,0.00,D,I,Q,M,T,Q,S,P,S,S,L,S,A,S,V,G,D,R,V,T,I,T,C,R,A,S,Q,-,-,-,-,-,-,D,V,N,T,A,V,A,W,Y,Q,Q,K,P,G,K,A,P,K,L,L,I,Y,S,A,S,F,L,Y,S,G,V,P,S,R,F,S,G,S,R,S,G,T,D,F,T,L,T,I,S,S,L,Q,P,E,D,F,A,T,Y,Y,C,Q,Q,H,Y,T,T,P,-,-,-,-,P,T,F,G,Q,G,T,K,V,E,I,K
Tislelizumab,0,human,K,2.3e-53,170.7,0,106,,,0.00,,0.00,D,I,V,M,T,Q,S,P,D,S,L,A,V,S,L,G,E,R,A,T,I,N,C,K,S,S,E,-,-,-,-,-,-,S,V,S,N,D,V,A,W,Y,Q,Q,K,P,G,Q,P,P,K,L,L,I,N,Y,A,F,H,R,F,T,G,V,P,D,R,F,S,G,S,G,Y,G,T,D,F,T,L,T,I,S,S,L,Q,A,E,D,V,A,V,Y,Y,C,H,Q,A,Y,S,S,P,-,-,-,-,Y,T,F,G,Q,G,T,K,L,E,I,K
Tocilizumab,0,human,K,2.2e-59,190.1,0,106,,,0.00,,0.00,D,I,Q,M,T,Q,S,P,S,S,L,S,A,S,V,G,D,R,V,T,I,T,C,R,A,S,Q,-,-,-,-,-,-,D,I,S,S,Y,L,N,W,Y,Q,Q,K,P,G,K,A,P,K,L,L,I,Y,Y,T,S,R,L,H,S,G,V,P,S,R,F,S,G,S,G,S,G,T,D,F,T,F,T,I,S,S,L,Q,P,E,D,I,A,T,Y,Y,C,Q,Q,G,N,T,L,P,-,-,-,-,Y,T,F,G,Q,G,T,K,V,E,I,K
Trastuzumab,0,human,K,2.2e-56,180.4,0,106,,,0.00,,0.00,D,I,Q,M,T,Q,S,P,S,S,L,S,A,S,V,G,D,R,V,T,I,T,C,R,A,S,Q,-,-,-,-,-,-,D,V,N,T,A,V,A,W,Y,Q,Q,K,P,G,K,A,P,K,L,L,I,Y,S,A,S,F,L,Y,S,G,V,P,S,R,F,S,G,S,R,S,G,T,D,F,T,L,T,I,S,S,L,Q,P,E,D,F,A,T,Y,Y,C,Q,Q,H,Y,T,T,P,-,-,-,-,P,T,F,G,Q,G,T,K,V,E,I,K
Tregalizumab,0,rhesus,K,9e-59,188.3,0,110,,,0.00,,0.00,D,I,V,M,T,Q,S,P,D,S,L,A,V,S,L,G,E,R,A,T,I,N,C,R,A,S,K,S,V,S,T,-,-,S,G,Y,S,Y,I,Y,W,Y,Q,Q,K,P,G,Q,P,P,K,L,L,I,Y,L,A,S,I,L,E,S,G,V,P,D,R,F,S,G,S,G,S,G,T,D,F,T,L,T,I,S,S,L,Q,A,E,D,V,A,V,Y,Y,C,Q,H,S,R,E,L,P,-,-,-,-,W,T,F,G,Q,G,T,K,V,E,I,K
Vandortuzumab,0,human,K,1.6e-62,200.3,0,112,,,0.00,,0.00,D,I,Q,M,T,Q,S,P,S,S,L,S,A,S,V,G,D,R,V,T,I,T,C,K,S,S,Q,S,L,L,Y,R,S,N,Q,K,N,Y,L,A,W,Y,Q,Q,K,P,G,K,A,P,K,L,L,I,Y,W,A,S,T,R,E,S,G,V,P,S,R,F,S,G,S,G,S,G,T,D,F,T,L,T,I,S,S,L,Q,P,E,D,F,A,T,Y,Y,C,Q,Q,Y,Y,N,Y,P,-,-,-,-,R,T,F,G,Q,G,T,K,V,E,I,K
Vanucizumab,0,human,L,3.2e-52,167.1,0,107,,,0.00,,0.00,Q,P,G,L,T,Q,P,P,S,-,V,S,V,A,P,G,Q,T,A,R,I,T,C,G,G,N,N,-,-,-,-,-,-,I,G,S,K,S,V,H,W,Y,Q,Q,K,P,G,Q,A,P,V,L,V,V,Y,D,D,S,D,R,P,S,G,I,P,E,R,F,S,G,S,N,S,G,N,T,A,T,L,T,I,S,R,V,E,A,G,D,E,A,D,Y,Y,C,Q,V,W,D,S,S,S,D,H,-,-,Y,V,F,G,T,G,T,K,V,T,V,L
Vatelizumab,0,human,K,2.4e-52,167.3,0,105,,,0.00,,0.00,D,F,V,M,T,Q,S,P,A,F,L,S,V,T,P,G,E,K,V,T,I,T,C,S,A,Q,S,-,-,-,-,-,-,-,S,V,N,Y,I,H,W,Y,Q,Q,K,P,D,Q,A,P,K,K,L,I,Y,D,T,S,K,L,A,S,G,V,P,S,R,F,S,G,S,G,S,G,T,D,Y,T,F,T,I,S,S,L,E,A,E,D,A,A,T,Y,Y,C,Q,Q,W,T,T,N,P,-,-,-,-,L,T,F,G,Q,G,T,K,V,E,I,K
Vedolizumab,0,rhesus,K,2.4e-58,186.9,0,111,,,0.00,,0.00,D,V,V,M,T,Q,S,P,L,S,L,P,V,T,P,G,E,P,A,S,I,S,C,R,S,S,Q,S,L,A,K,S,-,Y,G,N,T,Y,L,S,W,Y,L,Q,K,P,G,Q,S,P,Q,L,L,I,Y,G,I,S,N,R,F,S,G,V,P,D,R,F,S,G,S,G,S,G,T,D,F,T,L,K,I,S,R,V,E,A,E,D,V,G,V,Y,Y,C,L,Q,G,T,H,Q,P,-,-,-,-,Y,T,F,G,Q,G,T,K,V,E,I,K
Veltuzumab,0,mouse,K,1.8e-53,171.0,0,105,,,0.00,,0.00,D,I,Q,L,T,Q,S,P,S,S,L,S,A,S,V,G,D,R,V,T,M,T,C,R,A,S,S,-,-,-,-,-,-,-,S,V,S,Y,I,H,W,F,Q,Q,K,P,G,K,A,P,K,P,W,I,Y,A,T,S,N,L,A,S,G,V,P,V,R,F,S,G,S,G,S,G,T,D,Y,T,F,T,I,S,S,L,Q,P,E,D,I,A,T,Y,Y,C,Q,Q,W,T,S,N,P,-,-,-,-,P,T,F,G,G,G,T,K,L,E,I,K
Visilizumab,0,human,K,4.8e-55,176.1,0,105,,,0.00,,0.00,D,I,Q,M,T,Q,S,P,S,S,L,S,A,S,V,G,D,R,V,T,I,T,C,S,A,S,S,-,-,-,-,-,-,-,S,V,S,Y,M,N,W,Y,Q,Q,K,P,G,K,A,P,K,R,L,I,Y,D,T,S,K,L,A,S,G,V,P,S,R,F,S,G,S,G,S,G,T,D,F,T,L,T,I,S,S,L,Q,P,E,D,F,A,T,Y,Y,C,Q,Q,W,S,S,N,P,-,-,-,-,P,T,F,G,G,G,T,K,V,E,I,K
Vonlerolizumab,0,human,K,4.1e-59,189.2,0,106,,,0.00,,0.00,D,I,Q,M,T,Q,S,P,S,S,L,S,A,S,V,G,D,R,V,T,I,T,C,R,A,S,Q,-,-,-,-,-,-,D,I,S,N,Y,L,N,W,Y,Q,Q,K,P,G,K,A,P,K,L,L,I,Y,Y,T,S,R,L,R,S,G,V,P,S,R,F,S,G,S,G,S,G,T,D,F,T,L,T,I,S,S,L,Q,P,E,D,F,A,T,Y,Y,C,Q,Q,G,H,T,L,P,-,-,-,-,P,T,F,G,Q,G,T,K,V,E,I,K
Vorsetuzumab,0,rhesus,K,2.4e-59,190.1,0,110,,,0.00,,0.00,D,I,V,M,T,Q,S,P,D,S,L,A,V,S,L,G,E,R,A,T,I,N,C,R,A,S,K,S,V,S,T,-,-,S,G,Y,S,F,M,H,W,Y,Q,Q,K,P,G,Q,P,P,K,L,L,I,Y,L,A,S,N,L,E,S,G,V,P,D,R,F,S,G,S,G,S,G,T,D,F,T,L,T,I,S,S,L,Q,A,E,D,V,A,V,Y,Y,C,Q,H,S,R,E,V,P,-,-,-,-,W,T,F,G,Q,G,T,K,V,E,I,K
Vunakizumab,0,mouse,K,2.3e-53,170.7,0,105,,,0.00,,0.00,E,I,V,L,T,Q,S,P,D,F,Q,S,V,T,P,K,E,K,V,T,I,T,C,S,A,S,S,-,-,-,-,-,-,-,S,V,N,Y,M,H,W,F,Q,Q,K,P,D,Q,S,P,K,L,W,I,Y,R,T,S,N,L,A,S,G,V,P,S,R,F,S,G,S,G,S,G,T,D,Y,T,L,T,I,N,S,L,E,A,E,D,A,A,T,Y,Y,C,Q,Q,R,S,S,Y,P,-,-,-,-,W,T,F,G,Q,G,T,K,L,E,I,K
Xentuzumab,0,rhesus,L,1.6e-54,174.7,0,109,,,0.00,,0.00,D,I,V,L,T,Q,P,P,S,-,V,S,G,A,P,G,Q,R,V,T,I,S,C,S,G,S,S,S,N,-,-,-,-,I,G,S,N,S,V,S,W,Y,Q,Q,L,P,G,T,A,P,K,L,L,I,Y,D,N,S,K,R,P,S,G,V,P,D,R,F,S,G,S,K,S,G,T,S,A,S,L,A,I,T,G,L,Q,S,E,D,E,A,D,Y,Y,C,Q,S,R,D,T,Y,G,Y,Y,-,-,W,V,F,G,G,G,T,K,L,T,V,L
Zenocutuzumab,0,human,K,4.1e-60,192.5,0,106,,,0.00,,0.00,D,I,Q,M,T,Q,S,P,S,S,L,S,A,S,V,G,D,R,V,T,I,T,C,R,A,S,Q,-,-,-,-,-,-,S,I,S,S,Y,L,N,W,Y,Q,Q,K,P,G,K,A,P,K,L,L,I,Y,A,A,S,S,L,Q,S,G,V,P,S,R,F,S,G,S,G,S,G,T,D,F,T,L,T,I,S,S,L,Q,P,E,D,F,A,T,Y,Y,C,Q,Q,S,Y,S,T,P,-,-,-,-,P,T,F,G,Q,G,T,K,V,E,I,K
