Id,domain_no,hmm_species,chain_type,e-value,score,seqstart_index,seqend_index,identity_species,v_gene,v_identity,j_gene,j_identity,1,2,3,4,5,6,7,8,9,10,11,12,13,14,15,16,17,18,19,20,21,22,23,24,25,26,27,28,29,30,31,32,33,34,35,35A,35B,36,37,38,39,40,41,42,43,44,45,46,47,48,49,50,51,52,52A,52B,52C,53,54,55,56,57,58,59,60,61,62,63,64,65,66,67,68,69,70,71,72,73,74,75,76,77,78,79,80,81,82,82A,82B,82C,83,84,85,86,87,88,89,90,91,92,93,94,95,96,97,98,99,100,100A,100B,100C,100D,100E,100F,100G,100H,100I,100J,100K,100L,101,102,103,104,105,106,107,108,109,110,111,112,113
Abituzumab,0,mouse,H,7.7e-58,185.2,0,117,,,0.00,,0.00,Q,V,Q,L,Q,Q,S,G,G,E,L,A,K,P,G,A,S,V,K,V,S,C,K,A,S,G,Y,T,F,S,S,F,W,M,H,-,-,W,V,R,Q,A,P,G,Q,G,L,E,W,I,G,Y,I,N,P,-,-,R,S,G,Y,T,E,Y,N,E,I,F,R,D,K,A,T,M,T,T,D,T,S,T,S,T,A,Y,M,E,L,S,S,L,R,S,E,D,T,A,V,Y,Y,C,A,S,F,L,G,R,G,A,M,-,-,-,-,-,-,-,-,-,-,-,D,Y,W,G,Q,G,T,T,V,T,V,S,S
Afutuzumab,0,human,H,3.8e-56,179.8,0,118,,,0.00,,0.00,Q,V,Q,L,V,Q,S,G,A,E,V,K,K,P,G,S,S,V,K,V,S,C,K,A,S,G,Y,A,F,S,Y,S,W,I,N,-,-,W,V,R,Q,A,P,G,Q,G,L,E,W,M,G,R,I,F,P,-,-,G,D,G,D,T,D,Y,N,G,K,F,K,G,R,V,T,I,T,A,D,K,S,T,S,T,A,Y,M,E,L,S,S,L,R,S,E,D,T,A,V,Y,Y,C,A,R,N,V,F,D,G,Y,W,L,-,-,-,-,-,-,-,-,-,-,V,Y,W,G,Q,G,T,L,V,T,V,S,S
Alacizumab,0,alpaca,H,6.7e-65,208.3,0,116,,,0.00,,0.00,E,V,Q,L,V,E,S,G,G,G,L,V,Q,P,G,G,S,L,R,L,S,C,A,A,S,G,F,T,F,S,S,Y,G,M,S,-,-,W,V,R,Q,A,P,G,K,G,L,E,W,V,A,T,I,T,S,-,-,G,G,S,Y,T,Y,Y,V,D,S,V,K,G,R,F,T,I,S,R,D,N,A,K,N,T,L,Y,L,Q,M,N,S,L,R,A,E,D,T,A,V,Y,Y,C,V,R,I,G,E,D,A,L,-,-,-,-,-,-,-,-,-,-,-,-,D,Y,W,G,Q,G,T,L,V,T,V,S,S
Alemtuzumab,0,human,H,3.1e-57,183.4,0,120,,,0.00,,0.00,Q,V,Q,L,Q,E,S,G,P,G,L,V,R,P,S,Q,T,L,S,L,T,C,T,V,S,G,F,T,F,T,D,F,Y,M,N,-,-,W,V,R,Q,P,P,G,R,G,L,E,W,I,G,F,I,R,D,K,A,K,G,Y,T,T,E,Y,N,P,S,V,K,G,R,V,T,M,L,V,D,T,S,K,N,Q,F,S,L,R,L,S,S,V,T,A,A,D,T,A,V,Y,Y,C,A,R,E,G,H,T,A,A,P,F,-,-,-,-,-,-,-,-,-,-,D,Y,W,G,Q,G,S,L,V,T,V,S,S
Anrukinzumab,0,alpaca,H,1.6e-65,210.3,0,117,,,0.00,,0.00,E,V,Q,L,V,E,S,G,G,G,L,V,Q,P,G,G,S,L,R,L,S,C,A,A,S,G,F,T,F,I,S,Y,A,M,S,-,-,W,V,R,Q,A,P,G,K,G,L,E,W,V,A,S,I,S,-,-,-,S,G,G,N,T,Y,Y,P,D,S,V,K,G,R,F,T,I,S,R,D,N,A,K,N,S,L,Y,L,Q,M,N,S,L,R,A,E,D,T,A,V,Y,Y,C,A,R,L,D,G,Y,Y,F,G,F,-,-,-,-,-,-,-,-,-,-,A,Y,W,G,Q,G,T,L,V,T,V,S,S
Atezolizumab,0,alpaca,H,5.4e-64,205.4,0,117,,,0.00,,0.00,E,V,Q,L,V,E,S,G,G,G,L,V,Q,P,G,G,S,L,R,L,S,C,A,A,S,G,F,T,F,S,D,S,W,I,H,-,-,W,V,R,Q,A,P,G,K,G,L,E,W,V,A,W,I,S,P,-,-,Y,G,G,S,T,Y,Y,A,D,S,V,K,G,R,F,T,I,S,A,D,T,S,K,N,T,A,Y,L,Q,M,N,S,L,R,A,E,D,T,A,V,Y,Y,C,A,R,R,H,W,P,G,G,F,-,-,-,-,-,-,-,-,-,-,-,D,Y,W,G,Q,G,T,L,V,T,V,S,S
Bapineuzumab,0,alpaca,H,3.3e-64,206.1,0,118,,,0.00,,0.00,E,V,Q,L,L,E,S,G,G,G,L,V,Q,P,G,G,S,L,R,L,S,C,A,A,S,G,F,T,F,S,N,Y,G,M,S,-,-,W,V,R,Q,A,P,G,K,G,L,E,W,V,A,S,I,R,S,-,-,G,G,G,R,T,Y,Y,S,D,N,V,K,G,R,F,T,I,S,R,D,N,S,K,N,T,L,Y,L,Q,M,N,S,L,R,A,E,D,T,A,V,Y,Y,C,V,R,Y,D,H,Y,S,G,S,S,-,-,-,-,-,-,-,-,-,-,D,Y,W,G,Q,G,T,L,V,T,V,S,S
Bemarituzumab,0,mouse,H,9.8e-57,181.6,0,113,,,0.00,,0.00,Q,V,Q,L,V,Q,S,G,A,E,V,K,K,P,G,S,S,V,K,V,S,C,K,A,S,G,Y,I,F,T,T,Y,N,V,H,-,-,W,V,R,Q,A,P,G,Q,G,L,E,W,I,G,S,I,Y,P,-,-,D,N,G,D,T,S,Y,N,Q,N,F,K,G,R,A,T,I,T,A,D,K,S,T,S,T,A,Y,M,E,L,S,S,L,R,S,E,D,T,A,V,Y,Y,C,A,R,G,D,F,-,-,-,-,-,-,-,-,-,-,-,-,-,-,-,A,Y,W,G,Q,G,T,L,V,T,V,S,S
Benralizumab,0,human,H,8.3e-54,172.3,0,120,,,0.00,,0.00,E,V,Q,L,V,Q,S,G,A,E,V,K,K,P,G,A,S,V,K,V,S,C,K,A,S,G,Y,T,F,T,S,Y,V,I,H,-,-,W,V,R,Q,R,P,G,Q,G,L,A,W,M,G,Y,I,N,P,-,-,Y,N,D,G,T,K,Y,N,E,R,F,K,G,K,V,T,I,T,S,D,R,S,T,S,T,V,Y,M,E,L,S,S,L,R,S,E,D,T,A,V,Y,L,C,G,R,E,G,I,R,Y,Y,G,L,L,G,-,-,-,-,-,-,-,-,D,Y,W,G,Q,G,T,L,V,T,V,S,S
Bevacizumab,0,human,H,2.5e-58,186.9,0,122,,,0.00,,0.00,E,V,Q,L,V,E,S,G,G,G,L,V,Q,P,G,G,S,L,R,L,S,C,A,A,S,G,Y,T,F,T,N,Y,G,M,N,-,-,W,V,R,Q,A,P,G,K,G,L,E,W,V,G,W,I,N,T,-,-,Y,T,G,E,P,T,Y,A,A,D,F,K,R,R,F,T,F,S,L,D,T,S,K,S,T,A,Y,L,Q,M,N,S,L,R,A,E,D,T,A,V,Y,Y,C,A,K,Y,P,H,Y,Y,G,S,S,H,W,Y,F,-,-,-,-,-,-,D,V,W,G,Q,G,T,L,V,T,V,S,S
Bimekizumab,0,alpaca,H,6e-63,202.0,0,124,,,0.00,,0.00,E,V,Q,L,V,E,S,G,G,G,L,V,Q,P,G,G,S,L,R,L,S,C,A,A,S,G,F,T,F,S,D,Y,N,M,A,-,-,W,V,R,Q,A,P,G,K,G,L,E,W,V,A,T,I,T,Y,-,-,E,G,R,N,T,Y,Y,R,D,S,V,K,G,R,F,T,I,S,R,D,N,A,K,N,S,L,Y,L,Q,M,N,S,L,R,A,E,D,T,A,V,Y,Y,C,A,S,P,P,Q,Y,Y,E,G,S,I,Y,R,L,W,F,-,-,-,-,A,H,W,G,Q,G,T,L,V,T,V,S,S
Blosozumab,0,human,H,7.8e-55,175.6,0,117,,,0.00,,0.00,Q,V,Q,L,V,Q,S,G,A,E,V,K,K,P,G,A,S,V,K,V,S,C,K,V,S,G,F,P,I,K,D,T,F,Q,H,-,-,W,V,R,Q,A,P,G,K,G,L,E,W,M,G,W,S,D,P,-,-,E,I,G,D,T,E,Y,A,S,K,F,Q,G,R,V,T,M,T,E,D,T,S,T,D,T,A,Y,M,E,L,S,S,L,R,S,E,D,T,A,V,Y,Y,C,A,T,G,D,T,T,Y,K,F,-,-,-,-,-,-,-,-,-,-,-,D,F,W,G,Q,G,T,T,V,T,V,S,S
Bococizumab,0,human,H,1.2e-58,187.9,0,117,,,0.00,,0.00,Q,V,Q,L,V,Q,S,G,A,E,V,K,K,P,G,A,S,V,K,V,S,C,K,A,S,G,Y,T,F,T,S,Y,Y,M,H,-,-,W,V,R,Q,A,P,G,Q,G,L,E,W,M,G,E,I,S,P,-,-,F,G,G,R,T,N,Y,N,E,K,F,K,S,R,V,T,M,T,R,D,T,S,T,S,T,V,Y,M,E,L,S,S,L,R,S,E,D,T,A,V,Y,Y,C,A,R,E,R,P,L,Y,A,S,-,-,-,-,-,-,-,-,-,-,-,D,L,W,G,Q,G,T,T,V,T,V,S,S
Brolucizumab,0,alpaca,H,1.8e-60,194.0,0,119,,,0.00,,0.00,E,V,Q,L,V,E,S,G,G,G,L,V,Q,P,G,G,S,L,R,L,S,C,T,A,S,G,F,S,L,T,D,Y,Y,Y,M,T,-,W,V,R,Q,A,P,G,K,G,L,E,W,V,G,F,I,D,-,-,-,P,D,D,D,P,Y,Y,A,T,W,A,K,G,R,F,T,I,S,R,D,N,S,K,N,T,L,Y,L,Q,M,N,S,L,R,A,E,D,T,A,V,Y,Y,C,A,G,G,D,H,N,S,G,W,G,L,-,-,-,-,-,-,-,-,-,D,I,W,G,Q,G,T,L,V,T,V,S,S
Brontictuzumab,0,human,H,1.9e-57,184.0,0,120,,,0.00,,0.00,Q,V,Q,L,V,Q,S,G,A,E,V,K,K,P,G,A,S,V,K,I,S,C,K,V,S,G,Y,T,L,R,G,Y,W,I,E,-,-,W,V,R,Q,A,P,G,K,G,L,E,W,I,G,Q,I,L,P,-,-,G,T,G,R,T,N,Y,N,E,K,F,K,G,R,V,T,M,T,A,D,T,S,T,D,T,A,Y,M,E,L,S,S,L,R,S,E,D,T,A,V,Y,Y,C,A,R,F,D,G,N,Y,G,Y,Y,A,M,-,-,-,-,-,-,-,-,D,Y,W,G,Q,G,T,T,V,T,V,S,S
Cabiralizumab,0,human,H,2.6e-57,183.6,0,121,,,0.00,,0.00,Q,V,Q,L,V,Q,S,G,A,E,V,K,K,P,G,S,S,V,K,V,S,C,K,A,S,G,Y,T,F,T,D,N,Y,M,I,-,-,W,V,R,Q,A,P,G,Q,G,L,E,W,M,G,D,I,N,P,-,-,Y,N,G,G,T,T,F,N,Q,K,F,K,G,R,V,T,I,T,A,D,K,S,T,S,T,A,Y,M,E,L,S,S,L,R,S,E,D,T,A,V,Y,Y,C,A,R,E,S,P,Y,F,S,N,L,Y,V,M,-,-,-,-,-,-,-,D,Y,W,G,Q,G,T,L,V,T,V,S,S
Camrelizumab,0,alpaca,H,8.9e-65,207.9,0,115,,,0.00,,0.00,E,V,Q,L,V,E,S,G,G,G,L,V,Q,P,G,G,S,L,R,L,S,C,A,A,S,G,F,T,F,S,S,Y,M,M,S,-,-,W,V,R,Q,A,P,G,K,G,L,E,W,V,A,T,I,S,G,-,-,G,G,A,N,T,Y,Y,P,D,S,V,K,G,R,F,T,I,S,R,D,N,A,K,N,S,L,Y,L,Q,M,N,S,L,R,A,E,D,T,A,V,Y,Y,C,A,R,Q,L,Y,Y,F,-,-,-,-,-,-,-,-,-,-,-,-,-,D,Y,W,G,Q,G,T,T,V,T,V,S,S
Cantuzumab,0,human,H,1.8e-52,168.0,0,118,,,0.00,,0.00,Q,V,Q,L,V,Q,S,G,A,E,V,K,K,P,G,E,T,V,K,I,S,C,K,A,S,D,Y,T,F,T,Y,Y,G,M,N,-,-,W,V,K,Q,A,P,G,Q,G,L,K,W,M,G,W,I,D,T,-,-,T,T,G,E,P,T,Y,A,Q,K,F,Q,G,R,I,A,F,S,L,E,T,S,A,S,T,A,Y,L,Q,I,K,S,L,K,S,E,D,T,A,T,Y,F,C,A,R,R,G,P,Y,N,W,Y,F,-,-,-,-,-,-,-,-,-,-,D,V,W,G,Q,G,T,T,V,T,V,S,S
Cergutuzumab,0,human,H,4.5e-56,179.6,0,120,,,0.00,,0.00,Q,V,Q,L,V,Q,S,G,A,E,V,K,K,P,G,A,S,V,K,V,S,C,K,A,S,G,Y,T,F,T,E,F,G,M,N,-,-,W,V,R,Q,A,P,G,Q,G,L,E,W,M,G,W,I,N,T,-,-,K,T,G,E,A,T,Y,V,E,E,F,K,G,R,V,T,F,T,T,D,T,S,T,S,T,A,Y,M,E,L,R,S,L,R,S,D,D,T,A,V,Y,Y,C,A,R,W,D,F,A,Y,Y,V,E,A,M,-,-,-,-,-,-,-,-,D,Y,W,G,Q,G,T,T,V,T,V,S,S
Certolizumab,0,human,H,4.2e-59,189.4,0,117,,,0.00,,0.00,E,V,Q,L,V,E,S,G,G,G,L,V,Q,P,G,G,S,L,R,L,S,C,A,A,S,G,Y,V,F,T,D,Y,G,M,N,-,-,W,V,R,Q,A,P,G,K,G,L,E,W,M,G,W,I,N,T,-,-,Y,I,G,E,P,I,Y,A,D,S,V,K,G,R,F,T,F,S,L,D,T,S,K,S,T,A,Y,L,Q,M,N,S,L,R,A,E,D,T,A,V,Y,Y,C,A,R,G,Y,R,S,Y,A,M,-,-,-,-,-,-,-,-,-,-,-,D,Y,W,G,Q,G,T,L,V,T,V,S,S
Citatuzumab,0,human,H,5.6e-56,179.3,0,115,,,0.00,,0.00,E,V,Q,L,V,Q,S,G,P,G,L,V,Q,P,G,G,S,V,R,I,S,C,A,A,S,G,Y,T,F,T,N,Y,G,M,N,-,-,W,V,K,Q,A,P,G,K,G,L,E,W,M,G,W,I,N,T,-,-,Y,T,G,E,S,T,Y,A,D,S,F,K,G,R,F,T,F,S,L,D,T,S,A,S,A,A,Y,L,Q,I,N,S,L,R,A,E,D,T,A,V,Y,Y,C,A,R,F,A,I,K,G,-,-,-,-,-,-,-,-,-,-,-,-,-,D,Y,W,G,Q,G,T,L,L,T,V,S,S
Clazakizumab,0,human,H,1.8e-58,187.4,0,119,,,0.00,,0.00,E,V,Q,L,V,E,S,G,G,G,L,V,Q,P,G,G,S,L,R,L,S,C,A,A,S,G,F,S,L,S,N,Y,Y,V,T,-,-,W,V,R,Q,A,P,G,K,G,L,E,W,V,G,I,I,Y,-,-,-,G,S,D,E,T,A,Y,A,T,S,A,I,G,R,F,T,I,S,R,D,N,S,K,N,T,L,Y,L,Q,M,N,S,L,R,A,E,D,T,A,V,Y,Y,C,A,R,D,D,S,S,D,W,D,A,K,F,-,-,-,-,-,-,-,-,N,L,W,G,Q,G,T,L,V,T,V,S,S
Clivatuzumab,0,mouse,H,6e-57,182.3,0,118,,,0.00,,0.00,Q,V,Q,L,Q,Q,S,G,A,E,V,K,K,P,G,A,S,V,K,V,S,C,E,A,S,G,Y,T,F,P,S,Y,V,L,H,-,-,W,V,K,Q,A,P,G,Q,G,L,E,W,I,G,Y,I,N,P,-,-,Y,N,D,G,T,Q,Y,N,E,K,F,K,G,K,A,T,L,T,R,D,T,S,I,N,T,A,Y,M,E,L,S,R,L,R,S,D,D,T,A,V,Y,Y,C,A,R,G,F,G,G,S,Y,G,F,-,-,-,-,-,-,-,-,-,-,A,Y,W,G,Q,G,T,L,V,T,V,S,S
Codrituzumab,0,human,H,6.8e-56,179.0,0,114,,,0.00,,0.00,Q,V,Q,L,V,Q,S,G,A,E,V,K,K,P,G,A,S,V,K,V,S,C,K,A,S,G,Y,T,F,T,D,Y,E,M,H,-,-,W,V,R,Q,A,P,G,Q,G,L,E,W,M,G,A,L,D,P,-,-,K,T,G,D,T,A,Y,S,Q,K,F,K,G,R,V,T,L,T,A,D,K,S,T,S,T,A,Y,M,E,L,S,S,L,T,S,E,D,T,A,V,Y,Y,C,T,R,F,Y,S,Y,-,-,-,-,-,-,-,-,-,-,-,-,-,-,T,Y,W,G,Q,G,T,L,V,T,V,S,S
Cofetuzumab,0,mouse,H,5.4e-56,179.2,0,118,,,0.00,,0.00,Q,V,Q,L,V,Q,S,G,P,E,V,K,K,P,G,A,S,V,K,V,S,C,K,A,S,G,Y,T,F,T,D,Y,A,V,H,-,-,W,V,R,Q,A,P,G,K,R,L,E,W,I,G,V,I,S,T,-,-,Y,N,D,Y,T,Y,N,N,Q,D,F,K,G,R,V,T,M,T,R,D,T,S,A,S,T,A,Y,M,E,L,S,R,L,R,S,E,D,T,A,V,Y,Y,C,A,R,G,N,S,Y,F,Y,A,L,-,-,-,-,-,-,-,-,-,-,D,Y,W,G,Q,G,T,S,V,T,V,S,S
Concizumab,0,alpaca,H,1.1e-60,194.7,0,120,,,0.00,,0.00,E,V,Q,L,V,E,S,G,G,G,L,V,K,P,G,G,S,L,R,L,S,C,A,A,S,G,F,T,F,S,N,Y,A,M,S,-,-,W,V,R,Q,T,P,E,K,R,L,E,W,V,A,T,I,S,R,-,-,S,G,S,Y,S,Y,F,P,D,S,V,Q,G,R,F,T,I,S,R,D,N,A,K,N,S,L,Y,L,Q,M,N,S,L,R,A,E,D,T,A,V,Y,Y,C,A,R,L,G,G,Y,D,E,G,D,A,M,-,-,-,-,-,-,-,-,D,S,W,G,Q,G,T,T,V,T,V,S,S
Crenezumab,0,alpaca,H,1.8e-63,203.6,0,111,,,0.00,,0.00,E,V,Q,L,V,E,S,G,G,G,L,V,Q,P,G,G,S,L,R,L,S,C,A,A,S,G,F,T,F,S,S,Y,G,M,S,-,-,W,V,R,Q,A,P,G,K,G,L,E,L,V,A,S,I,N,S,-,-,N,G,G,S,T,Y,Y,P,D,S,V,K,G,R,F,T,I,S,R,D,N,A,K,N,S,L,Y,L,Q,M,N,S,L,R,A,E,D,T,A,V,Y,Y,C,A,S,G,-,-,-,-,-,-,-,-,-,-,-,-,-,-,-,-,-,D,Y,W,G,Q,G,T,T,V,T,V,S,S
Crizanlizumab,0,human,H,7.9e-59,188.5,0,121,,,0.00,,0.00,Q,V,Q,L,V,Q,S,G,A,E,V,K,K,P,G,A,S,V,K,V,S,C,K,V,S,G,Y,T,F,T,S,Y,D,I,N,-,-,W,V,R,Q,A,P,G,K,G,L,E,W,M,G,W,I,Y,P,-,-,G,D,G,S,I,K,Y,N,E,K,F,K,G,R,V,T,M,T,V,D,K,S,T,D,T,A,Y,M,E,L,S,S,L,R,S,E,D,T,A,V,Y,Y,C,A,R,R,G,E,Y,G,N,Y,E,G,A,M,-,-,-,-,-,-,-,D,Y,W,G,Q,G,T,L,V,T,V,S,S
Cusatuzumab,0,alpaca,H,2.9e-66,212.7,0,121,,,0.00,,0.00,E,V,Q,L,V,E,S,G,G,G,L,V,Q,P,G,G,S,L,R,L,S,C,A,A,S,G,F,T,F,S,V,Y,Y,M,N,-,-,W,V,R,Q,A,P,G,K,G,L,E,W,V,S,D,I,N,N,-,-,E,G,G,T,T,Y,Y,A,D,S,V,K,G,R,F,T,I,S,R,D,N,S,K,N,S,L,Y,L,Q,M,N,S,L,R,A,E,D,T,A,V,Y,Y,C,A,R,D,A,G,Y,S,N,H,V,P,I,F,-,-,-,-,-,-,-,D,S,W,G,Q,G,T,L,V,T,V,S,S
Dacetuzumab,0,human,H,2.6e-57,183.6,0,113,,,0.00,,0.00,E,V,Q,L,V,E,S,G,G,G,L,V,Q,P,G,G,S,L,R,L,S,C,A,A,S,G,Y,S,F,T,G,Y,Y,I,H,-,-,W,V,R,Q,A,P,G,K,G,L,E,W,V,A,R,V,I,P,-,-,N,A,G,G,T,S,Y,N,Q,K,F,K,G,R,F,T,L,S,V,D,N,S,K,N,T,A,Y,L,Q,M,N,S,L,R,A,E,D,T,A,V,Y,Y,C,A,R,E,G,I,-,-,-,-,-,-,-,-,-,-,-,-,-,-,-,Y,W,W,G,Q,G,T,L,V,T,V,S,S
Daclizumab,0,human,H,3.6e-59,189.6,0,115,,,0.00,,0.00,Q,V,Q,L,V,Q,S,G,A,E,V,K,K,P,G,S,S,V,K,V,S,C,K,A,S,G,Y,T,F,T,S,Y,R,M,H,-,-,W,V,R,Q,A,P,G,Q,G,L,E,W,I,G,Y,I,N,P,-,-,S,T,G,Y,T,E,Y,N,Q,K,F,K,D,K,A,T,I,T,A,D,E,S,T,N,T,A,Y,M,E,L,S,S,L,R,S,E,D,T,A,V,Y,Y,C,A,R,G,G,G,V,F,-,-,-,-,-,-,-,-,-,-,-,-,-,D,Y,W,G,Q,G,T,L,V,T,V,S,S
Dalotuzumab,0,rhesus,H,1.6e-61,197.0,0,116,,,0.00,,0.00,Q,V,Q,L,Q,E,S,G,P,G,L,V,K,P,S,E,T,L,S,L,T,C,T,V,S,G,Y,S,I,T,G,G,Y,L,W,N,-,W,I,R,Q,P,P,G,K,G,L,E,W,I,G,Y,I,S,-,-,-,Y,D,G,T,N,N,Y,K,P,S,L,K,D,R,V,T,I,S,R,D,T,S,K,N,Q,F,S,L,K,L,S,S,V,T,A,A,D,T,A,V,Y,Y,C,A,R,Y,G,R,V,F,F,-,-,-,-,-,-,-,-,-,-,-,-,D,Y,W,G,Q,G,T,L,V,T,V,S,S
Dapirolizumab,0,alpaca,H,2.5e-58,187.0,0,117,,,0.00,,0.00,E,V,Q,L,V,E,S,G,G,G,L,V,Q,P,G,G,S,L,R,L,S,C,A,V,S,G,F,S,S,T,N,Y,H,V,H,-,-,W,V,R,Q,A,P,G,K,G,L,E,W,M,G,V,I,W,-,-,-,G,D,G,D,T,S,Y,N,S,V,L,K,S,R,F,T,I,S,R,D,T,S,K,N,T,V,Y,L,Q,M,N,S,L,R,A,E,D,T,A,V,Y,Y,C,A,R,Q,L,T,H,Y,Y,V,L,-,-,-,-,-,-,-,-,-,-,A,A,W,G,Q,G,T,L,V,T,V,S,S
Demcizumab,0,human,H,7.6e-58,185.4,0,118,,,0.00,,0.00,Q,V,Q,L,V,Q,S,G,A,E,V,K,K,P,G,A,S,V,K,I,S,C,K,A,S,G,Y,S,F,T,A,Y,Y,I,H,-,-,W,V,K,Q,A,P,G,Q,G,L,E,W,I,G,Y,I,S,S,-,-,Y,N,G,A,T,N,Y,N,Q,K,F,K,G,R,V,T,F,T,T,D,T,S,T,S,T,A,Y,M,E,L,R,S,L,R,S,D,D,T,A,V,Y,Y,C,A,R,D,Y,D,Y,D,V,G,M,-,-,-,-,-,-,-,-,-,-,D,Y,W,G,Q,G,T,L,V,T,V,S,S
Denintuzumab,0,rhesus,H,1.5e-58,187.3,0,119,,,0.00,,0.00,Q,V,Q,L,Q,E,S,G,P,G,L,V,K,P,S,Q,T,L,S,L,T,C,T,V,S,G,G,S,I,S,T,S,G,M,G,V,G,W,I,R,Q,H,P,G,K,G,L,E,W,I,G,H,I,W,-,-,-,W,D,D,D,K,R,Y,N,P,A,L,K,S,R,V,T,I,S,V,D,T,S,K,N,Q,F,S,L,K,L,S,S,V,T,A,A,D,T,A,V,Y,Y,C,A,R,M,E,L,W,S,Y,Y,F,-,-,-,-,-,-,-,-,-,-,D,Y,W,G,Q,G,T,L,V,T,V,S,S
Dezamizumab,0,human,H,2e-59,190.5,0,121,,,0.00,,0.00,Q,V,Q,L,V,Q,S,G,A,E,V,K,K,P,G,S,S,V,K,V,S,C,K,A,S,G,F,T,F,A,T,Y,N,M,H,-,-,W,V,R,Q,A,P,G,Q,G,L,E,W,M,G,Y,I,Y,P,-,-,G,D,G,N,A,N,Y,N,Q,Q,F,K,G,R,V,T,I,T,A,D,K,S,T,S,T,A,Y,M,E,L,S,S,L,R,S,E,D,T,A,V,Y,Y,C,A,R,G,D,F,D,Y,D,G,G,Y,Y,F,-,-,-,-,-,-,-,D,S,W,G,Q,G,T,L,V,T,V,S,S
Domagrozumab,0,alpaca,H,5.3e-64,205.4,0,115,,,0.00,,0.00,E,V,Q,L,L,E,S,G,G,G,L,V,Q,P,G,G,S,L,R,L,S,C,A,A,S,G,F,T,F,S,S,Y,A,M,S,-,-,W,V,R,Q,A,P,G,K,G,L,E,W,V,S,T,I,S,S,-,-,G,G,S,Y,T,S,Y,P,D,S,V,K,G,R,F,T,I,S,R,D,N,S,K,N,T,L,Y,L,Q,M,N,S,L,R,A,E,D,T,A,V,Y,Y,C,A,K,Q,D,Y,A,M,-,-,-,-,-,-,-,-,-,-,-,-,-,N,Y,W,G,Q,G,T,L,V,T,V,S,S
Duligotuzumab,0,alpaca,H,3.4e-61,196.3,0,120,,,0.00,,0.00,E,V,Q,L,V,E,S,G,G,G,L,V,Q,P,G,G,S,L,R,L,S,C,A,A,S,G,F,T,L,S,G,D,W,I,H,-,-,W,V,R,Q,A,P,G,K,G,L,E,W,V,G,E,I,S,A,-,-,A,G,G,Y,T,D,Y,A,D,S,V,K,G,R,F,T,I,S,A,D,T,S,K,N,T,A,Y,L,Q,M,N,S,L,R,A,E,D,T,A,V,Y,Y,C,A,R,E,S,R,V,S,F,E,A,A,M,-,-,-,-,-,-,-,-,D,Y,W,G,Q,G,T,L,V,T,V,S,S
Eculizumab,0,human,H,1.8e-57,184.1,0,121,,,0.00,,0.00,Q,V,Q,L,V,Q,S,G,A,E,V,K,K,P,G,A,S,V,K,V,S,C,K,A,S,G,Y,I,F,S,N,Y,W,I,Q,-,-,W,V,R,Q,A,P,G,Q,G,L,E,W,M,G,E,I,L,P,-,-,G,S,G,S,T,E,Y,T,E,N,F,K,D,R,V,T,M,T,R,D,T,S,T,S,T,V,Y,M,E,L,S,S,L,R,S,E,D,T,A,V,Y,Y,C,A,R,Y,F,F,G,S,S,P,N,W,Y,F,-,-,-,-,-,-,-,D,V,W,G,Q,G,T,L,V,T,V,S,S
Efalizumab,0,human,H,1.7e-61,197.1,0,120,,,0.00,,0.00,E,V,Q,L,V,E,S,G,G,G,L,V,Q,P,G,G,S,L,R,L,S,C,A,A,S,G,Y,S,F,T,G,H,W,M,N,-,-,W,V,R,Q,A,P,G,K,G,L,E,W,V,G,M,I,H,P,-,-,S,D,S,E,T,R,Y,N,Q,K,F,K,D,R,F,T,I,S,V,D,K,S,K,N,T,L,Y,L,Q,M,N,S,L,R,A,E,D,T,A,V,Y,Y,C,A,R,G,I,Y,F,Y,G,T,T,Y,F,-,-,-,-,-,-,-,-,D,Y,W,G,Q,G,T,L,V,T,V,S,S
Elotuzumab,0,alpaca,H,5.2e-61,195.7,0,118,,,0.00,,0.00,E,V,Q,L,V,E,S,G,G,G,L,V,Q,P,G,G,S,L,R,L,S,C,A,A,S,G,F,D,F,S,R,Y,W,M,S,-,-,W,V,R,Q,A,P,G,K,G,L,E,W,I,G,E,I,N,P,-,-,D,S,S,T,I,N,Y,A,P,S,L,K,D,K,F,I,I,S,R,D,N,A,K,N,S,L,Y,L,Q,M,N,S,L,R,A,E,D,T,A,V,Y,Y,C,A,R,P,D,G,N,Y,W,Y,F,-,-,-,-,-,-,-,-,-,-,D,V,W,G,Q,G,T,L,V,T,V,S,S
Emactuzumab,0,human,H,1.2e-56,181.5,0,115,,,0.00,,0.00,Q,V,Q,L,V,Q,S,G,A,E,V,K,K,P,G,A,S,V,K,V,S,C,K,A,S,G,Y,T,F,T,S,Y,D,I,S,-,-,W,V,R,Q,A,P,G,Q,G,L,E,W,M,G,V,I,W,-,-,-,T,D,G,G,T,N,Y,A,Q,K,L,Q,G,R,V,T,M,T,T,D,T,S,T,S,T,A,Y,M,E,L,R,S,L,R,S,D,D,T,A,V,Y,Y,C,A,R,D,Q,R,L,Y,F,-,-,-,-,-,-,-,-,-,-,-,-,D,V,W,G,Q,G,T,T,V,T,V,S,S
Emicizumab,0,human,H,2.4e-53,170.8,0,118,,,0.00,,0.00,Q,V,Q,L,V,Q,S,G,S,E,L,K,K,P,G,A,S,V,K,V,S,C,K,A,S,G,Y,T,F,T,D,N,N,M,D,-,-,W,V,R,Q,A,P,G,Q,G,L,E,W,M,G,D,I,N,T,-,-,R,S,G,G,S,I,Y,N,E,E,F,Q,D,R,V,I,M,T,V,D,K,S,T,D,T,A,Y,M,E,L,S,S,L,R,S,E,D,T,A,T,Y,H,C,A,R,R,K,S,Y,G,Y,Y,L,-,-,-,-,-,-,-,-,-,-,D,E,W,G,E,G,T,L,V,T,V,S,S
Emibetuzumab,0,human,H,8e-57,182.0,0,114,,,0.00,,0.00,Q,V,Q,L,V,Q,S,G,A,E,V,K,K,P,G,A,S,V,K,V,S,C,K,A,S,G,Y,T,F,T,D,Y,Y,M,H,-,-,W,V,R,Q,A,P,G,Q,G,L,E,W,M,G,R,V,N,P,-,-,N,R,R,G,T,T,Y,N,Q,K,F,E,G,R,V,T,M,T,T,D,T,S,T,S,T,A,Y,M,E,L,R,S,L,R,S,D,D,T,A,V,Y,Y,C,A,R,A,N,W,L,-,-,-,-,-,-,-,-,-,-,-,-,-,-,D,Y,W,G,Q,G,T,T,V,T,V,S,S
Enavatuzumab,0,alpaca,H,1e-62,201.2,0,118,,,0.00,,0.00,E,V,Q,L,V,E,S,G,G,G,L,V,Q,P,G,G,S,L,R,L,S,C,A,A,S,G,F,T,F,S,S,Y,W,M,S,-,-,W,V,R,Q,A,P,G,K,G,L,E,W,V,A,E,I,R,L,K,S,D,N,Y,A,T,H,Y,A,E,S,V,K,G,R,F,T,I,S,R,D,D,S,K,N,S,L,Y,L,Q,M,N,S,L,R,A,E,D,T,A,V,Y,Y,C,T,G,Y,Y,A,D,A,M,-,-,-,-,-,-,-,-,-,-,-,-,D,Y,W,G,Q,G,T,L,V,T,V,S,S
Enoblituzumab,0,alpaca,H,1.6e-61,197.4,0,121,,,0.00,,0.00,E,V,Q,L,V,E,S,G,G,G,L,V,Q,P,G,G,S,L,R,L,S,C,A,A,S,G,F,T,F,S,S,F,G,M,H,-,-,W,V,R,Q,A,P,G,K,G,L,E,W,V,A,Y,I,S,S,-,-,D,S,S,A,I,Y,Y,A,D,T,V,K,G,R,F,T,I,S,R,D,N,A,K,N,S,L,Y,L,Q,M,N,S,L,R,D,E,D,T,A,V,Y,Y,C,G,R,G,R,E,N,I,Y,Y,G,S,R,L,-,-,-,-,-,-,-,D,Y,W,G,Q,G,T,T,V,T,V,S,S
Enokizumab,0,human,H,2.3e-56,180.6,0,121,,,0.00,,0.00,Q,V,Q,L,V,Q,S,G,A,E,V,K,K,P,G,S,S,V,K,V,S,C,K,A,S,G,G,T,F,S,Y,Y,W,I,E,-,-,W,V,R,Q,A,P,G,Q,G,L,E,W,M,G,E,I,L,P,-,-,G,S,G,T,T,N,P,N,E,K,F,K,G,R,V,T,I,T,A,D,E,S,T,S,T,A,Y,M,E,L,S,S,L,R,S,E,D,T,A,V,Y,Y,C,A,R,A,D,Y,Y,G,S,D,Y,V,K,F,-,-,-,-,-,-,-,D,Y,W,G,Q,G,T,L,V,T,V,S,S
Epratuzumab,0,mouse,H,1.7e-55,177.6,0,115,,,0.00,,0.00,Q,V,Q,L,V,Q,S,G,A,E,V,K,K,P,G,S,S,V,K,V,S,C,K,A,S,G,Y,T,F,T,S,Y,W,L,H,-,-,W,V,R,Q,A,P,G,Q,G,L,E,W,I,G,Y,I,N,P,-,-,R,N,D,Y,T,E,Y,N,Q,N,F,K,D,K,A,T,I,T,A,D,E,S,T,N,T,A,Y,M,E,L,S,S,L,R,S,E,D,T,A,F,Y,F,C,A,R,R,D,I,T,T,-,-,-,-,-,-,-,-,-,-,-,-,-,F,Y,W,G,Q,G,T,T,V,T,V,S,S
Eptinezumab,0,alpaca,H,1.2e-57,184.9,0,110,,,0.00,,0.00,E,V,Q,L,V,E,S,G,G,G,L,V,Q,P,G,G,S,L,R,L,S,C,A,V,S,G,I,D,L,S,G,Y,Y,M,N,-,-,W,V,R,Q,A,P,G,K,G,L,E,W,V,G,V,I,G,-,-,-,I,N,G,A,T,Y,Y,A,S,W,A,K,G,R,F,T,I,S,R,D,N,S,K,T,T,V,Y,L,Q,M,N,S,L,R,A,E,D,T,A,V,Y,F,C,A,R,G,-,-,-,-,-,-,-,-,-,-,-,-,-,-,-,-,-,D,I,W,G,Q,G,T,L,V,T,V,S,S
Etaracizumab,0,alpaca,H,8.5e-63,201.5,0,116,,,0.00,,0.00,Q,V,Q,L,V,E,S,G,G,G,V,V,Q,P,G,R,S,L,R,L,S,C,A,A,S,G,F,T,F,S,S,Y,D,M,S,-,-,W,V,R,Q,A,P,G,K,G,L,E,W,V,A,K,V,S,S,-,-,G,G,G,S,T,Y,Y,L,D,T,V,Q,G,R,F,T,I,S,R,D,N,S,K,N,T,L,Y,L,Q,M,N,S,L,R,A,E,D,T,A,V,Y,Y,C,A,R,H,L,H,G,S,F,-,-,-,-,-,-,-,-,-,-,-,-,A,S,W,G,Q,G,T,T,V,T,V,S,S
Etrolizumab,0,alpaca,H,3.3e-62,199.6,0,116,,,0.00,,0.00,E,V,Q,L,V,E,S,G,G,G,L,V,Q,P,G,G,S,L,R,L,S,C,A,A,S,G,F,F,I,T,N,N,Y,W,G,-,-,W,V,R,Q,A,P,G,K,G,L,E,W,V,G,Y,I,S,-,-,-,Y,S,G,S,T,S,Y,N,P,S,L,K,S,R,F,T,I,S,R,D,T,S,K,N,T,F,Y,L,Q,M,N,S,L,R,A,E,D,T,A,V,Y,Y,C,A,R,T,G,S,S,G,Y,F,-,-,-,-,-,-,-,-,-,-,-,D,F,W,G,Q,G,T,L,V,T,V,S,S
Farletuzumab,0,alpaca,H,2.9e-60,193.3,0,118,,,0.00,,0.00,E,V,Q,L,V,E,S,G,G,G,V,V,Q,P,G,R,S,L,R,L,S,C,S,A,S,G,F,T,F,S,G,Y,G,L,S,-,-,W,V,R,Q,A,P,G,K,G,L,E,W,V,A,M,I,S,S,-,-,G,G,S,Y,T,Y,Y,A,D,S,V,K,G,R,F,A,I,S,R,D,N,A,K,N,T,L,F,L,Q,M,D,S,L,R,P,E,D,T,G,V,Y,F,C,A,R,H,G,D,D,P,A,W,F,-,-,-,-,-,-,-,-,-,-,A,Y,W,G,Q,G,T,P,V,T,V,S,S
Fibatuzumab,0,human,H,3.6e-58,186.4,0,117,,,0.00,,0.00,Q,V,Q,L,V,Q,S,G,A,E,V,K,K,P,G,A,S,V,K,V,S,C,K,A,S,G,Y,T,F,T,G,Y,W,M,N,-,-,W,V,R,Q,A,P,G,Q,G,L,E,W,M,G,D,I,Y,P,-,-,G,S,G,N,T,N,Y,D,E,K,F,Q,G,R,V,T,M,T,R,D,T,S,I,S,T,A,Y,M,E,L,S,R,L,R,S,D,D,T,A,V,Y,Y,C,A,R,G,G,Y,Y,E,D,F,-,-,-,-,-,-,-,-,-,-,-,D,S,W,G,Q,G,T,T,V,T,V,S,S
Ficlatuzumab,0,mouse,H,4.4e-59,189.2,0,117,,,0.00,,0.00,Q,V,Q,L,V,Q,P,G,A,E,V,K,K,P,G,T,S,V,K,L,S,C,K,A,S,G,Y,T,F,T,T,Y,W,M,H,-,-,W,V,R,Q,A,P,G,Q,G,L,E,W,I,G,E,I,N,P,-,-,T,N,G,H,T,N,Y,N,Q,K,F,Q,G,R,A,T,L,T,V,D,K,S,T,S,T,A,Y,M,E,L,S,S,L,R,S,E,D,T,A,V,Y,Y,C,A,R,N,Y,V,G,S,I,F,-,-,-,-,-,-,-,-,-,-,-,D,Y,W,G,Q,G,T,L,L,T,V,S,S
Flotetuzumab,0,mouse,H,4.1e-59,189.3,0,119,,,0.00,,0.00,E,V,Q,L,V,Q,S,G,A,E,L,K,K,P,G,A,S,V,K,V,S,C,K,A,S,G,Y,T,F,T,D,Y,Y,M,K,-,-,W,V,R,Q,A,P,G,Q,G,L,E,W,I,G,D,I,I,P,-,-,S,N,G,A,T,F,Y,N,Q,K,F,K,G,R,V,T,I,T,V,D,K,S,T,S,T,A,Y,M,E,L,S,S,L,R,S,E,D,T,A,V,Y,Y,C,A,R,S,H,L,L,R,A,S,W,F,-,-,-,-,-,-,-,-,-,A,Y,W,G,Q,G,T,L,V,T,V,S,S
Fontolizumab,0,mouse,H,9e-55,175.3,0,116,,,0.00,,0.00,Q,V,Q,L,V,Q,S,G,A,E,L,K,K,P,G,S,S,V,K,V,S,C,K,A,S,G,Y,I,F,T,S,S,W,I,N,-,-,W,V,K,Q,A,P,G,Q,G,L,E,W,I,G,R,I,D,P,-,-,S,D,G,E,V,H,Y,N,Q,D,F,K,D,K,A,T,L,T,V,D,K,S,T,N,T,A,Y,M,E,L,S,S,L,R,S,E,D,T,A,V,Y,Y,C,A,R,G,F,L,P,W,F,-,-,-,-,-,-,-,-,-,-,-,-,A,D,W,G,Q,G,T,L,V,T,V,S,S
Fremanezumab,0,alpaca,H,1.1e-62,201.1,0,121,,,0.00,,0.00,E,V,Q,L,V,E,S,G,G,G,L,V,Q,P,G,G,S,L,R,L,S,C,A,A,S,G,F,T,F,S,N,Y,W,I,S,-,-,W,V,R,Q,A,P,G,K,G,L,E,W,V,A,E,I,R,S,E,S,D,A,S,A,T,H,Y,A,E,A,V,K,G,R,F,T,I,S,R,D,N,A,K,N,S,L,Y,L,Q,M,N,S,L,R,A,E,D,T,A,V,Y,Y,C,L,A,Y,F,D,Y,G,L,A,I,Q,-,-,-,-,-,-,-,-,-,N,Y,W,G,Q,G,T,L,V,T,V,S,S
Galcanezumab,0,human,H,5.2e-56,179.4,0,118,,,0.00,,0.00,Q,V,Q,L,V,Q,S,G,A,E,V,K,K,P,G,S,S,V,K,V,S,C,K,A,S,G,Y,T,F,G,N,Y,W,M,Q,-,-,W,V,R,Q,A,P,G,Q,G,L,E,W,M,G,A,I,Y,E,-,-,G,T,G,K,T,V,Y,I,Q,K,F,A,D,R,V,T,I,T,A,D,K,S,T,S,T,A,Y,M,E,L,S,S,L,R,S,E,D,T,A,V,Y,Y,C,A,R,L,S,D,Y,V,S,G,F,-,-,-,-,-,-,-,-,-,-,G,Y,W,G,Q,G,T,T,V,T,V,S,S
Gatipotuzumab,0,alpaca,H,3.7e-61,196.2,0,116,,,0.00,,0.00,E,V,Q,L,V,E,S,G,G,G,L,V,Q,P,G,G,S,M,R,L,S,C,V,A,S,G,F,P,F,S,N,Y,W,M,N,-,-,W,V,R,Q,A,P,G,K,G,L,E,W,V,G,E,I,R,L,K,S,N,N,Y,T,T,H,Y,A,E,S,V,K,G,R,F,T,I,S,R,D,D,S,K,N,S,L,Y,L,Q,M,N,S,L,K,T,E,D,T,A,V,Y,Y,C,T,R,H,Y,Y,F,-,-,-,-,-,-,-,-,-,-,-,-,-,-,D,Y,W,G,Q,G,T,L,V,T,V,S,S
Gemtuzumab,0,mouse,H,4.4e-53,169.8,0,115,,,0.00,,0.00,E,V,Q,L,V,Q,S,G,A,E,V,K,K,P,G,S,S,V,K,V,S,C,K,A,S,G,Y,T,I,T,D,S,N,I,H,-,-,W,V,R,Q,A,P,G,Q,S,L,E,W,I,G,Y,I,Y,P,-,-,Y,N,G,G,T,D,Y,N,Q,K,F,K,N,R,A,T,L,T,V,D,N,P,T,N,T,A,Y,M,E,L,S,S,L,R,S,E,D,T,A,F,Y,Y,C,V,N,G,N,P,W,L,-,-,-,-,-,-,-,-,-,-,-,-,-,A,Y,W,G,Q,G,T,L,V,T,V,S,S
Gevokizumab,0,human,H,3.5e-53,170.3,0,119,,,0.00,,0.00,Q,V,Q,L,Q,E,S,G,P,G,L,V,K,P,S,Q,T,L,S,L,T,C,S,F,S,G,F,S,L,S,T,S,G,M,G,V,G,W,I,R,Q,P,S,G,K,G,L,E,W,L,A,H,I,W,-,-,-,W,D,G,D,E,S,Y,N,P,S,L,K,S,R,L,T,I,S,K,D,T,S,K,N,Q,V,S,L,K,I,T,S,V,T,A,A,D,T,A,V,Y,F,C,A,R,N,R,Y,D,P,P,W,F,-,-,-,-,-,-,-,-,-,-,V,D,W,G,Q,G,T,L,V,T,V,S,S
Ibalizumab,0,mouse,H,3.1e-58,186.4,0,121,,,0.00,,0.00,Q,V,Q,L,Q,Q,S,G,P,E,V,V,K,P,G,A,S,V,K,M,S,C,K,A,S,G,Y,T,F,T,S,Y,V,I,H,-,-,W,V,R,Q,K,P,G,Q,G,L,D,W,I,G,Y,I,N,P,-,-,Y,N,D,G,T,D,Y,D,E,K,F,K,G,K,A,T,L,T,S,D,T,S,T,S,T,A,Y,M,E,L,S,S,L,R,S,E,D,T,A,V,Y,Y,C,A,R,E,K,D,N,Y,A,T,G,A,W,F,-,-,-,-,-,-,-,A,Y,W,G,Q,G,T,L,V,T,V,S,S
Idarucizumab,0,rhesus,H,1.1e-55,178.1,0,121,,,0.00,,0.00,Q,V,Q,L,Q,E,S,G,P,G,L,V,K,P,S,E,T,L,S,L,T,C,T,V,S,G,F,S,L,T,S,Y,I,V,D,-,-,W,I,R,Q,P,P,G,K,G,L,E,W,I,G,V,I,W,-,-,-,A,G,G,S,T,G,Y,N,S,A,L,R,S,R,V,S,I,T,K,D,T,S,K,N,Q,F,S,L,K,L,S,S,V,T,A,A,D,T,A,V,Y,Y,C,A,S,A,A,Y,Y,S,Y,Y,N,Y,D,G,F,-,-,-,-,-,-,A,Y,W,G,Q,G,T,L,V,T,V,S,S
Ifabotuzumab,0,human,H,3.6e-58,186.4,0,117,,,0.00,,0.00,Q,V,Q,L,V,Q,S,G,A,E,V,K,K,P,G,A,S,V,K,V,S,C,K,A,S,G,Y,T,F,T,G,Y,W,M,N,-,-,W,V,R,Q,A,P,G,Q,G,L,E,W,M,G,D,I,Y,P,-,-,G,S,G,N,T,N,Y,D,E,K,F,Q,G,R,V,T,M,T,R,D,T,S,I,S,T,A,Y,M,E,L,S,R,L,R,S,D,D,T,A,V,Y,Y,C,A,R,G,G,Y,Y,E,D,F,-,-,-,-,-,-,-,-,-,-,-,D,S,W,G,Q,G,T,T,V,T,V,S,S
Iladatuzumab,0,human,H,2.3e-58,187.0,0,116,,,0.00,,0.00,E,V,Q,L,V,E,S,G,G,G,L,V,Q,P,G,G,S,L,R,L,S,C,A,A,S,G,Y,T,F,S,S,Y,W,I,E,-,-,W,V,R,Q,A,P,G,K,G,L,E,W,I,G,E,I,L,P,-,-,G,G,G,D,T,N,Y,N,E,I,F,K,G,R,A,T,F,S,A,D,T,S,K,N,T,A,Y,L,Q,M,N,S,L,R,A,E,D,T,A,V,Y,Y,C,T,R,R,V,P,I,R,L,-,-,-,-,-,-,-,-,-,-,-,-,D,Y,W,G,Q,G,T,L,V,T,V,S,S
Imgatuzumab,0,human,H,1.4e-58,187.7,0,119,,,0.00,,0.00,Q,V,Q,L,V,Q,S,G,A,E,V,K,K,P,G,S,S,V,K,V,S,C,K,A,S,G,F,T,F,T,D,Y,K,I,H,-,-,W,V,R,Q,A,P,G,Q,G,L,E,W,M,G,Y,F,N,P,-,-,N,S,G,Y,S,T,Y,A,Q,K,F,Q,G,R,V,T,I,T,A,D,K,S,T,S,T,A,Y,M,E,L,S,S,L,R,S,E,D,T,A,V,Y,Y,C,A,R,L,S,P,G,G,Y,Y,V,M,-,-,-,-,-,-,-,-,-,D,A,W,G,Q,G,T,T,V,T,V,S,S
Inebilizumab,0,human,H,1.2e-61,197.6,0,120,,,0.00,,0.00,E,V,Q,L,V,E,S,G,G,G,L,V,Q,P,G,G,S,L,R,L,S,C,A,A,S,G,F,T,F,S,S,S,W,M,N,-,-,W,V,R,Q,A,P,G,K,G,L,E,W,V,G,R,I,Y,P,-,-,G,D,G,D,T,N,Y,N,V,K,F,K,G,R,F,T,I,S,R,D,D,S,K,N,S,L,Y,L,Q,M,N,S,L,K,T,E,D,T,A,V,Y,Y,C,A,R,S,G,F,I,T,T,V,R,D,F,-,-,-,-,-,-,-,-,D,Y,W,G,Q,G,T,L,V,T,V,S,S
Inotuzumab,0,human,H,2.5e-55,177.2,0,120,,,0.00,,0.00,E,V,Q,L,V,Q,S,G,A,E,V,K,K,P,G,A,S,V,K,V,S,C,K,A,S,G,Y,R,F,T,N,Y,W,I,H,-,-,W,V,R,Q,A,P,G,Q,G,L,E,W,I,G,G,I,N,P,-,-,G,N,N,Y,A,T,Y,R,R,K,F,Q,G,R,V,T,M,T,A,D,T,S,T,S,T,V,Y,M,E,L,S,S,L,R,S,E,D,T,A,V,Y,Y,C,T,R,E,G,Y,G,N,Y,G,A,W,F,-,-,-,-,-,-,-,-,A,Y,W,G,Q,G,T,L,V,T,V,S,S
Itolizumab,0,alpaca,H,8.1e-63,201.6,0,118,,,0.00,,0.00,E,V,Q,L,V,E,S,G,G,G,L,V,K,P,G,G,S,L,K,L,S,C,A,A,S,G,F,K,F,S,R,Y,A,M,S,-,-,W,V,R,Q,A,P,G,K,R,L,E,W,V,A,T,I,S,S,-,-,G,G,S,Y,I,Y,Y,P,D,S,V,K,G,R,F,T,I,S,R,D,N,V,K,N,T,L,Y,L,Q,M,S,S,L,R,S,E,D,T,A,M,Y,Y,C,A,R,R,D,Y,D,L,D,Y,F,-,-,-,-,-,-,-,-,-,-,D,S,W,G,Q,G,T,L,V,T,V,S,S
Ixekizumab,0,human,H,1.4e-56,181.2,0,118,,,0.00,,0.00,Q,V,Q,L,V,Q,S,G,A,E,V,K,K,P,G,S,S,V,K,V,S,C,K,A,S,G,Y,S,F,T,D,Y,H,I,H,-,-,W,V,R,Q,A,P,G,Q,G,L,E,W,M,G,V,I,N,P,-,-,M,Y,G,T,T,D,Y,N,Q,R,F,K,G,R,V,T,I,T,A,D,E,S,T,S,T,A,Y,M,E,L,S,S,L,R,S,E,D,T,A,V,Y,Y,C,A,R,Y,D,Y,F,T,G,T,G,-,-,-,-,-,-,-,-,-,-,V,Y,W,G,Q,G,T,L,V,T,V,S,S
Labetuzumab,0,alpaca,H,6.8e-57,182.4,0,118,,,0.00,,0.00,E,V,Q,L,V,E,S,G,G,G,V,V,Q,P,G,R,S,L,R,L,S,C,S,A,S,G,F,D,F,T,T,Y,W,M,S,-,-,W,V,R,Q,A,P,G,K,G,L,E,W,I,G,E,I,H,P,-,-,D,S,S,T,I,N,Y,A,P,S,L,K,D,R,F,T,I,S,R,D,N,A,K,N,T,L,F,L,Q,M,D,S,L,R,P,E,D,T,G,V,Y,F,C,A,S,L,Y,F,G,F,P,W,F,-,-,-,-,-,-,-,-,-,-,A,Y,W,G,Q,G,T,P,V,T,V,S,S
Lacnotuzumab,0,rhesus,H,4.6e-58,185.8,0,117,,,0.00,,0.00,Q,V,Q,L,Q,E,S,G,P,G,L,V,K,P,S,Q,T,L,S,L,T,C,T,V,S,D,Y,S,I,T,S,D,Y,A,W,N,-,W,I,R,Q,F,P,G,K,G,L,E,W,M,G,Y,I,S,-,-,-,Y,S,G,S,T,S,Y,N,P,S,L,K,S,R,I,T,I,S,R,D,T,S,K,N,Q,F,S,L,Q,L,N,S,V,T,A,A,D,T,A,V,Y,Y,C,A,S,F,D,Y,A,H,A,M,-,-,-,-,-,-,-,-,-,-,-,D,Y,W,G,Q,G,T,T,V,T,V,S,S
Ladiratuzumab,0,human,H,1.1e-57,184.8,0,119,,,0.00,,0.00,Q,V,Q,L,V,Q,S,G,A,E,V,K,K,P,G,A,S,V,K,V,S,C,K,A,S,G,L,T,I,E,D,Y,Y,M,H,-,-,W,V,R,Q,A,P,G,Q,G,L,E,W,M,G,W,I,D,P,-,-,E,N,G,D,T,E,Y,G,P,K,F,Q,G,R,V,T,M,T,R,D,T,S,I,N,T,A,Y,M,E,L,S,R,L,R,S,D,D,T,A,V,Y,Y,C,A,V,H,N,A,H,Y,G,T,W,F,-,-,-,-,-,-,-,-,-,A,Y,W,G,Q,G,T,L,V,T,V,S,S
Lambrolizumab,0,human,H,9.8e-56,178.5,0,119,,,0.00,,0.00,Q,V,Q,L,V,Q,S,G,V,E,V,K,K,P,G,A,S,V,K,V,S,C,K,A,S,G,Y,T,F,T,N,Y,Y,M,Y,-,-,W,V,R,Q,A,P,G,Q,G,L,E,W,M,G,G,I,N,P,-,-,S,N,G,G,T,N,F,N,E,K,F,K,N,R,V,T,L,T,T,D,S,S,T,T,T,A,Y,M,E,L,K,S,L,Q,F,D,D,T,A,V,Y,Y,C,A,R,R,D,Y,R,F,D,M,G,F,-,-,-,-,-,-,-,-,-,D,Y,W,G,Q,G,T,T,V,T,V,S,S
Lampalizumab,0,human,H,3.2e-55,176.9,0,114,,,0.00,,0.00,E,V,Q,L,V,Q,S,G,P,E,L,K,K,P,G,A,S,V,K,V,S,C,K,A,S,G,Y,T,F,T,N,Y,G,M,N,-,-,W,V,R,Q,A,P,G,Q,G,L,E,W,M,G,W,I,N,T,-,-,Y,T,G,E,T,T,Y,A,D,D,F,K,G,R,F,V,F,S,L,D,T,S,V,S,T,A,Y,L,Q,I,S,S,L,K,A,E,D,T,A,V,Y,Y,C,E,R,E,G,G,V,-,-,-,-,-,-,-,-,-,-,-,-,-,-,N,N,W,G,Q,G,T,L,V,T,V,S,S
Landogrozumab,0,alpaca,H,2.1e-64,206.7,0,112,,,0.00,,0.00,E,V,Q,L,V,E,S,G,G,G,L,V,Q,P,G,G,S,L,R,L,S,C,A,A,S,G,L,T,F,S,R,Y,P,M,S,-,-,W,V,R,Q,A,P,G,K,G,L,V,W,V,S,A,I,T,S,-,-,S,G,G,S,T,Y,Y,S,D,T,V,K,G,R,F,T,I,S,R,D,N,A,K,N,T,L,Y,L,Q,M,N,S,L,R,A,E,D,T,A,V,Y,Y,C,A,R,L,P,-,-,-,-,-,-,-,-,-,-,-,-,-,-,-,-,D,Y,W,G,Q,G,T,L,V,T,V,S,S
Lebrikizumab,0,cow,H,5.6e-51,162.9,0,117,,,0.00,,0.00,Q,V,T,L,R,E,S,G,P,A,L,V,K,P,T,Q,T,L,T,L,T,C,T,V,S,G,F,S,L,S,A,Y,S,V,N,-,-,W,I,R,Q,P,P,G,K,A,L,E,W,L,A,M,I,W,-,-,-,G,D,G,K,I,V,Y,N,S,A,L,K,S,R,L,T,I,S,K,D,T,S,K,N,Q,V,V,L,T,M,T,N,M,D,P,V,D,T,A,T,Y,Y,C,A,G,D,G,Y,Y,P,Y,A,M,-,-,-,-,-,-,-,-,-,-,D,N,W,G,Q,G,S,L,V,T,V,S,S
Lifastuzumab,0,alpaca,H,4.2e-64,205.7,0,119,,,0.00,,0.00,E,V,Q,L,V,E,S,G,G,G,L,V,Q,P,G,G,S,L,R,L,S,C,A,A,S,G,F,S,F,S,D,F,A,M,S,-,-,W,V,R,Q,A,P,G,K,G,L,E,W,V,A,T,I,G,R,-,-,V,A,F,H,T,Y,Y,P,D,S,M,K,G,R,F,T,I,S,R,D,N,S,K,N,T,L,Y,L,Q,M,N,S,L,R,A,E,D,T,A,V,Y,Y,C,A,R,H,R,G,F,D,V,G,H,F,-,-,-,-,-,-,-,-,-,D,F,W,G,Q,G,T,L,V,T,V,S,S
Ligelizumab,0,human,H,4.1e-56,179.7,0,122,,,0.00,,0.00,Q,V,Q,L,V,Q,S,G,A,E,V,M,K,P,G,S,S,V,K,V,S,C,K,A,S,G,Y,T,F,S,W,Y,W,L,E,-,-,W,V,R,Q,A,P,G,H,G,L,E,W,M,G,E,I,D,P,-,-,G,T,F,T,T,N,Y,N,E,K,F,K,A,R,V,T,F,T,A,D,T,S,T,S,T,A,Y,M,E,L,S,S,L,R,S,E,D,T,A,V,Y,Y,C,A,R,F,S,H,F,S,G,S,N,Y,D,Y,F,-,-,-,-,-,-,D,Y,W,G,Q,G,T,L,V,T,V,S,S
Lintuzumab,0,mouse,H,3.5e-58,186.3,0,115,,,0.00,,0.00,Q,V,Q,L,V,Q,S,G,A,E,V,K,K,P,G,S,S,V,K,V,S,C,K,A,S,G,Y,T,F,T,D,Y,N,M,H,-,-,W,V,R,Q,A,P,G,Q,G,L,E,W,I,G,Y,I,Y,P,-,-,Y,N,G,G,T,G,Y,N,Q,K,F,K,S,K,A,T,I,T,A,D,E,S,T,N,T,A,Y,M,E,L,S,S,L,R,S,E,D,T,A,V,Y,Y,C,A,R,G,R,P,A,M,-,-,-,-,-,-,-,-,-,-,-,-,-,D,Y,W,G,Q,G,T,L,V,T,V,S,S
Lodelcizumab,0,human,H,1.5e-58,187.6,0,117,,,0.00,,0.00,Q,V,Q,L,V,Q,S,G,A,E,V,K,K,P,G,A,S,V,K,V,S,C,K,A,S,G,Y,T,F,S,T,M,Y,M,S,-,-,W,V,R,Q,A,P,G,Q,G,L,E,W,M,G,R,I,D,P,-,-,A,N,E,H,T,N,Y,A,Q,K,F,Q,G,R,V,T,M,T,R,D,T,S,I,S,T,A,Y,M,E,L,S,R,L,T,S,D,D,T,A,V,Y,Y,C,A,R,S,Y,Y,Y,Y,N,M,-,-,-,-,-,-,-,-,-,-,-,D,Y,W,G,Q,G,T,L,V,T,V,S,S
Lorvotuzumab,0,alpaca,H,6.2e-63,201.9,0,117,,,0.00,,0.00,Q,V,Q,L,V,E,S,G,G,G,V,V,Q,P,G,R,S,L,R,L,S,C,A,A,S,G,F,T,F,S,S,F,G,M,H,-,-,W,V,R,Q,A,P,G,K,G,L,E,W,V,A,Y,I,S,S,-,-,G,S,F,T,I,Y,Y,A,D,S,V,K,G,R,F,T,I,S,R,D,N,S,K,N,T,L,Y,L,Q,M,N,S,L,R,A,E,D,T,A,V,Y,Y,C,A,R,M,R,K,G,Y,A,M,-,-,-,-,-,-,-,-,-,-,-,D,Y,W,G,Q,G,T,L,V,T,V,S,S
Lumretuzumab,0,human,H,6.3e-56,179.1,0,119,,,0.00,,0.00,Q,V,Q,L,V,Q,S,G,A,E,V,K,K,P,G,A,S,V,K,V,S,C,K,A,S,G,Y,T,F,R,S,S,Y,I,S,-,-,W,V,R,Q,A,P,G,Q,G,L,E,W,M,G,W,I,Y,A,-,-,G,T,G,S,P,S,Y,N,Q,K,L,Q,G,R,V,T,M,T,T,D,T,S,T,S,T,A,Y,M,E,L,R,S,L,R,S,D,D,T,A,V,Y,Y,C,A,R,H,R,D,Y,Y,S,N,S,L,-,-,-,-,-,-,-,-,-,T,Y,W,G,Q,G,T,L,V,T,V,S,S
Lutikizumab,0,alpaca,H,7e-61,195.3,0,118,,,0.00,,0.00,E,V,Q,L,V,E,S,G,G,G,V,V,Q,P,G,R,S,L,R,L,S,C,S,A,S,G,F,I,F,S,R,Y,D,M,S,-,-,W,V,R,Q,A,P,G,K,G,L,E,W,V,A,Y,I,S,H,-,-,G,G,A,G,T,Y,Y,P,D,S,V,K,G,R,F,T,I,S,R,D,N,S,K,N,T,L,F,L,Q,M,D,S,L,R,P,E,D,T,G,V,Y,F,C,A,R,G,G,V,T,K,G,Y,F,-,-,-,-,-,-,-,-,-,-,D,V,W,G,Q,G,T,P,V,T,V,S,S
Matuzumab,0,human,H,6e-58,185.7,0,120,,,0.00,,0.00,Q,V,Q,L,V,Q,S,G,A,E,V,K,K,P,G,A,S,V,K,V,S,C,K,A,S,G,Y,T,F,T,S,H,W,M,H,-,-,W,V,R,Q,A,P,G,Q,G,L,E,W,I,G,E,F,N,P,-,-,S,N,G,R,T,N,Y,N,E,K,F,K,S,K,A,T,M,T,V,D,T,S,T,N,T,A,Y,M,E,L,S,S,L,R,S,E,D,T,A,V,Y,Y,C,A,S,R,D,Y,D,Y,D,G,R,Y,F,-,-,-,-,-,-,-,-,D,Y,W,G,Q,G,T,L,V,T,V,S,S
Mepolizumab,0,cow,H,4.7e-51,163.1,0,118,,,0.00,,0.00,Q,V,T,L,R,E,S,G,P,A,L,V,K,P,T,Q,T,L,T,L,T,C,T,V,S,G,F,S,L,T,S,Y,S,V,H,-,-,W,V,R,Q,P,P,G,K,G,L,E,W,L,G,V,I,W,-,-,-,A,S,G,G,T,D,Y,N,S,A,L,M,S,R,L,S,I,S,K,D,T,S,R,N,Q,V,V,L,T,M,T,N,M,D,P,V,D,T,A,T,Y,Y,C,A,R,D,P,P,S,S,L,L,R,L,-,-,-,-,-,-,-,-,-,D,Y,W,G,R,G,T,P,V,T,V,S,S
Milatuzumab,0,mouse,H,2.4e-53,170.7,0,119,,,0.00,,0.00,Q,V,Q,L,Q,Q,S,G,S,E,L,K,K,P,G,A,S,V,K,V,S,C,K,A,S,G,Y,T,F,T,N,Y,G,V,N,-,-,W,I,K,Q,A,P,G,Q,G,L,Q,W,M,G,W,I,N,P,-,-,N,T,G,E,P,T,F,D,D,D,F,K,G,R,F,A,F,S,L,D,T,S,V,S,T,A,Y,L,Q,I,S,S,L,K,A,D,D,T,A,V,Y,F,C,S,R,S,R,G,K,N,E,A,W,F,-,-,-,-,-,-,-,-,-,A,Y,W,G,Q,G,T,L,V,T,V,S,S
Mirikizumab,0,human,H,8.8e-56,178.7,0,114,,,0.00,,0.00,Q,V,Q,L,V,Q,S,G,A,E,V,K,K,P,G,S,S,V,K,V,S,C,K,A,S,G,Y,K,F,T,R,Y,V,M,H,-,-,W,V,R,Q,A,P,G,Q,G,L,E,W,M,G,Y,I,N,P,-,-,Y,N,D,G,T,N,Y,N,E,K,F,K,G,R,V,T,I,T,A,D,K,S,T,S,T,A,Y,M,E,L,S,S,L,R,S,E,D,T,A,V,Y,Y,C,A,R,N,W,D,T,-,-,-,-,-,-,-,-,-,-,-,-,-,-,G,L,W,G,Q,G,T,T,V,T,V,S,S
Mogamulizumab,0,alpaca,H,7.1e-60,192.0,0,118,,,0.00,,0.00,E,V,Q,L,V,E,S,G,G,D,L,V,Q,P,G,R,S,L,R,L,S,C,A,A,S,G,F,I,F,S,N,Y,G,M,S,-,-,W,V,R,Q,A,P,G,K,G,L,E,W,V,A,T,I,S,S,-,-,A,S,T,Y,S,Y,Y,P,D,S,V,K,G,R,F,T,I,S,R,D,N,A,K,N,S,L,Y,L,Q,M,N,S,L,R,V,E,D,T,A,L,Y,Y,C,G,R,H,S,D,G,N,F,A,F,-,-,-,-,-,-,-,-,-,-,G,Y,W,G,Q,G,T,L,V,T,V,S,S
Monalizumab,0,human,H,2.1e-57,183.9,0,124,,,0.00,,0.00,Q,V,Q,L,V,Q,S,G,A,E,V,K,K,P,G,A,S,V,K,V,S,C,K,A,S,G,Y,T,F,T,S,Y,W,M,N,-,-,W,V,R,Q,A,P,G,Q,G,L,E,W,M,G,R,I,D,P,-,-,Y,D,S,E,T,H,Y,A,Q,K,L,Q,G,R,V,T,M,T,T,D,T,S,T,S,T,A,Y,M,E,L,R,S,L,R,S,D,D,T,A,V,Y,Y,C,A,R,G,G,Y,D,F,D,V,G,T,L,Y,W,F,F,-,-,-,-,D,V,W,G,Q,G,T,T,V,T,V,S,S
Mosunetuzumab,0,human,H,1.6e-59,190.8,0,118,,,0.00,,0.00,E,V,Q,L,V,Q,S,G,A,E,V,K,K,P,G,A,S,V,K,V,S,C,K,A,S,G,Y,T,F,T,N,Y,Y,I,H,-,-,W,V,R,Q,A,P,G,Q,G,L,E,W,I,G,W,I,Y,P,-,-,G,D,G,N,T,K,Y,N,E,K,F,K,G,R,A,T,L,T,A,D,T,S,T,S,T,A,Y,L,E,L,S,S,L,R,S,E,D,T,A,V,Y,Y,C,A,R,D,S,Y,S,N,Y,Y,F,-,-,-,-,-,-,-,-,-,-,D,Y,W,G,Q,G,T,L,V,T,V,S,S
Motavizumab,0,human,H,6.4e-53,169.4,0,119,,,0.00,,0.00,Q,V,T,L,R,E,S,G,P,A,L,V,K,P,T,Q,T,L,T,L,T,C,T,F,S,G,F,S,L,S,T,A,G,M,S,V,G,W,I,R,Q,P,P,G,K,A,L,E,W,L,A,D,I,W,-,-,-,W,D,D,K,K,H,Y,N,P,S,L,K,D,R,L,T,I,S,K,D,T,S,K,N,Q,V,V,L,K,V,T,N,M,D,P,A,D,T,A,T,Y,Y,C,A,R,D,M,I,F,N,F,Y,F,-,-,-,-,-,-,-,-,-,-,D,V,W,G,Q,G,T,T,V,T,V,S,S
Natalizumab,0,human,H,1.8e-56,180.9,0,122,,,0.00,,0.00,Q,V,Q,L,V,Q,S,G,A,E,V,K,K,P,G,A,S,V,K,V,S,C,K,A,S,G,F,N,I,K,D,T,Y,I,H,-,-,W,V,R,Q,A,P,G,Q,R,L,E,W,M,G,R,I,D,P,-,-,A,N,G,Y,T,K,Y,D,P,K,F,Q,G,R,V,T,I,T,A,D,T,S,A,S,T,A,Y,M,E,L,S,S,L,R,S,E,D,T,A,V,Y,Y,C,A,R,E,G,Y,Y,G,N,Y,G,V,Y,A,M,-,-,-,-,-,-,D,Y,W,G,Q,G,T,L,V,T,V,S,S
Nemolizumab,0,human,H,1.8e-57,184.2,0,120,,,0.00,,0.00,Q,V,Q,L,V,Q,S,G,A,E,V,K,K,P,G,A,S,V,K,V,S,C,K,A,S,G,Y,T,F,T,G,Y,I,M,N,-,-,W,V,R,Q,A,P,G,Q,G,L,E,W,M,G,L,I,N,P,-,-,Y,N,G,G,T,D,Y,N,P,Q,F,Q,D,R,V,T,I,T,A,D,K,S,T,S,T,A,Y,M,E,L,S,S,L,R,S,E,D,T,A,V,Y,Y,C,A,R,D,G,Y,D,D,G,P,Y,T,L,-,-,-,-,-,-,-,-,E,T,W,G,Q,G,T,L,V,T,V,S,S
Nimotuzumab,0,mouse,H,9e-54,172.0,0,122,,,0.00,,0.00,Q,V,Q,L,Q,Q,S,G,A,E,V,K,K,P,G,S,S,V,K,V,S,C,K,A,S,G,Y,T,F,T,N,Y,Y,I,Y,-,-,W,V,R,Q,A,P,G,Q,G,L,E,W,I,G,G,I,N,P,-,-,T,S,G,G,S,N,F,N,E,K,F,K,T,R,V,T,I,T,A,D,E,S,S,T,T,A,Y,M,E,L,S,S,L,R,S,E,D,T,A,F,Y,F,C,T,R,Q,G,L,W,F,D,S,D,G,R,G,F,-,-,-,-,-,-,D,F,W,G,Q,G,T,T,V,T,V,S,S
Obinutuzumab,0,human,H,3.8e-56,179.8,0,118,,,0.00,,0.00,Q,V,Q,L,V,Q,S,G,A,E,V,K,K,P,G,S,S,V,K,V,S,C,K,A,S,G,Y,A,F,S,Y,S,W,I,N,-,-,W,V,R,Q,A,P,G,Q,G,L,E,W,M,G,R,I,F,P,-,-,G,D,G,D,T,D,Y,N,G,K,F,K,G,R,V,T,I,T,A,D,K,S,T,S,T,A,Y,M,E,L,S,S,L,R,S,E,D,T,A,V,Y,Y,C,A,R,N,V,F,D,G,Y,W,L,-,-,-,-,-,-,-,-,-,-,V,Y,W,G,Q,G,T,L,V,T,V,S,S
Ocaratuzumab,0,human,H,3.5e-54,173.5,0,120,,,0.00,,0.00,E,V,Q,L,V,Q,S,G,A,E,V,K,K,P,G,E,S,L,K,I,S,C,K,G,S,G,R,T,F,T,S,Y,N,M,H,-,-,W,V,R,Q,M,P,G,K,G,L,E,W,M,G,A,I,Y,P,-,-,L,T,G,D,T,S,Y,N,Q,K,S,K,L,Q,V,T,I,S,A,D,K,S,I,S,T,A,Y,L,Q,W,S,S,L,K,A,S,D,T,A,M,Y,Y,C,A,R,S,T,Y,V,G,G,D,W,Q,F,-,-,-,-,-,-,-,-,D,V,W,G,K,G,T,T,V,T,V,S,S
Ocrelizumab,0,human,H,2.6e-62,199.8,0,121,,,0.00,,0.00,E,V,Q,L,V,E,S,G,G,G,L,V,Q,P,G,G,S,L,R,L,S,C,A,A,S,G,Y,T,F,T,S,Y,N,M,H,-,-,W,V,R,Q,A,P,G,K,G,L,E,W,V,G,A,I,Y,P,-,-,G,N,G,D,T,S,Y,N,Q,K,F,K,G,R,F,T,I,S,V,D,K,S,K,N,T,L,Y,L,Q,M,N,S,L,R,A,E,D,T,A,V,Y,Y,C,A,R,V,V,Y,Y,S,N,S,Y,W,Y,F,-,-,-,-,-,-,-,D,V,W,G,Q,G,T,L,V,T,V,S,S
Olendalizumab,0,human,H,8.6e-60,191.6,0,119,,,0.00,,0.00,Q,V,Q,L,V,Q,S,G,A,E,V,K,K,P,G,A,S,V,K,V,S,C,K,A,S,G,Y,T,F,T,D,Y,S,M,D,-,-,W,V,R,Q,A,P,G,Q,G,L,E,W,M,G,A,I,H,L,-,-,N,T,G,Y,T,N,Y,N,Q,K,F,K,G,R,V,T,M,T,R,D,T,S,T,S,T,V,Y,M,E,L,S,S,L,R,S,E,D,T,A,V,Y,Y,C,A,R,G,F,Y,D,G,Y,S,P,M,-,-,-,-,-,-,-,-,-,D,Y,W,G,Q,G,T,T,V,T,V,S,S
Olokizumab,0,alpaca,H,1.6e-60,194.1,0,119,,,0.00,,0.00,E,V,Q,L,V,E,S,G,G,G,L,V,Q,P,G,G,S,L,R,L,S,C,A,A,S,G,F,N,F,N,D,Y,F,M,N,-,-,W,V,R,Q,A,P,G,K,G,L,E,W,V,A,Q,M,R,N,K,N,Y,Q,Y,G,T,Y,Y,A,E,S,L,E,G,R,F,T,I,S,R,D,D,S,K,N,S,L,Y,L,Q,M,N,S,L,K,T,E,D,T,A,V,Y,Y,C,A,R,E,S,Y,Y,G,F,T,-,-,-,-,-,-,-,-,-,-,-,S,Y,W,G,Q,G,T,L,V,T,V,S,S
Omalizumab,0,alpaca,H,2e-63,203.5,0,120,,,0.00,,0.00,E,V,Q,L,V,E,S,G,G,G,L,V,Q,P,G,G,S,L,R,L,S,C,A,V,S,G,Y,S,I,T,S,G,Y,S,W,N,-,W,I,R,Q,A,P,G,K,G,L,E,W,V,A,S,I,T,-,-,-,Y,D,G,S,T,N,Y,N,P,S,V,K,G,R,I,T,I,S,R,D,D,S,K,N,T,F,Y,L,Q,M,N,S,L,R,A,E,D,T,A,V,Y,Y,C,A,R,G,S,H,Y,F,G,H,W,H,F,-,-,-,-,-,-,-,-,A,V,W,G,Q,G,T,L,V,T,V,S,S
Onartuzumab,0,human,H,4.3e-60,192.6,0,118,,,0.00,,0.00,E,V,Q,L,V,E,S,G,G,G,L,V,Q,P,G,G,S,L,R,L,S,C,A,A,S,G,Y,T,F,T,S,Y,W,L,H,-,-,W,V,R,Q,A,P,G,K,G,L,E,W,V,G,M,I,D,P,-,-,S,N,S,D,T,R,F,N,P,N,F,K,D,R,F,T,I,S,A,D,T,S,K,N,T,A,Y,L,Q,M,N,S,L,R,A,E,D,T,A,V,Y,Y,C,A,T,Y,R,S,Y,V,T,P,L,-,-,-,-,-,-,-,-,-,-,D,Y,W,G,Q,G,T,L,V,T,V,S,S
Oportuzumab,0,human,H,5.6e-56,179.3,0,115,,,0.00,,0.00,E,V,Q,L,V,Q,S,G,P,G,L,V,Q,P,G,G,S,V,R,I,S,C,A,A,S,G,Y,T,F,T,N,Y,G,M,N,-,-,W,V,K,Q,A,P,G,K,G,L,E,W,M,G,W,I,N,T,-,-,Y,T,G,E,S,T,Y,A,D,S,F,K,G,R,F,T,F,S,L,D,T,S,A,S,A,A,Y,L,Q,I,N,S,L,R,A,E,D,T,A,V,Y,Y,C,A,R,F,A,I,K,G,-,-,-,-,-,-,-,-,-,-,-,-,-,D,Y,W,G,Q,G,T,L,L,T,V,S,S
Otlertuzumab,0,human,H,7.4e-56,178.9,0,115,,,0.00,,0.00,E,V,Q,L,V,Q,S,G,A,E,V,K,K,P,G,E,S,L,K,I,S,C,K,G,S,G,Y,S,F,T,G,Y,N,M,N,-,-,W,V,R,Q,M,P,G,K,G,L,E,W,M,G,N,I,D,P,-,-,Y,Y,G,G,T,T,Y,N,R,K,F,K,G,Q,V,T,I,S,A,D,K,S,I,S,T,A,Y,L,Q,W,S,S,L,K,A,S,D,T,A,M,Y,Y,C,A,R,S,V,G,P,F,-,-,-,-,-,-,-,-,-,-,-,-,-,D,S,W,G,Q,G,T,L,V,T,V,S,S
Ozanezumab,0,mouse,H,5.1e-55,176.1,0,112,,,0.00,,0.00,Q,V,Q,L,V,Q,S,G,A,E,V,K,K,P,G,A,S,V,K,V,S,C,K,A,S,G,Y,T,F,T,S,Y,W,M,H,-,-,W,V,R,Q,A,P,G,Q,G,L,E,W,I,G,N,I,N,P,-,-,S,N,G,G,T,N,Y,N,E,K,F,K,S,K,A,T,M,T,R,D,T,S,T,S,T,A,Y,M,E,L,S,S,L,R,S,E,D,T,A,V,Y,Y,C,E,L,M,Q,-,-,-,-,-,-,-,-,-,-,-,-,-,-,-,-,G,Y,W,G,Q,G,T,L,V,T,V,S,S
Palivizumab,0,human,H,3.9e-52,166.9,0,119,,,0.00,,0.00,Q,V,T,L,R,E,S,G,P,A,L,V,K,P,T,Q,T,L,T,L,T,C,T,F,S,G,F,S,L,S,T,S,G,M,S,V,G,W,I,R,Q,P,P,G,K,A,L,E,W,L,A,D,I,W,-,-,-,W,D,D,K,K,D,Y,N,P,S,L,K,S,R,L,T,I,S,K,D,T,S,K,N,Q,V,V,L,K,V,T,N,M,D,P,A,D,T,A,T,Y,Y,C,A,R,S,M,I,T,N,W,Y,F,-,-,-,-,-,-,-,-,-,-,D,V,W,G,A,G,T,T,V,T,V,S,S
Parsatuzumab,0,human,H,5.7e-61,195.4,0,122,,,0.00,,0.00,E,V,Q,L,V,E,S,G,G,G,L,V,Q,P,G,G,S,L,R,L,S,C,A,A,S,G,Y,T,F,I,D,Y,Y,M,N,-,-,W,V,R,Q,A,P,G,K,G,L,E,W,V,G,D,I,N,L,-,-,D,N,S,G,T,H,Y,N,Q,K,F,K,G,R,F,T,I,S,R,D,K,S,K,N,T,A,Y,L,Q,M,N,S,L,R,A,E,D,T,A,V,Y,Y,C,A,R,E,G,V,Y,H,D,Y,D,D,Y,A,M,-,-,-,-,-,-,D,Y,W,G,Q,G,T,L,V,T,V,S,S
Pateclizumab,0,human,H,1e-58,188.2,0,117,,,0.00,,0.00,E,V,Q,L,V,E,S,G,G,G,L,V,Q,P,G,G,S,L,R,L,S,C,A,A,S,G,Y,T,F,T,S,Y,V,I,H,-,-,W,V,R,Q,A,P,G,K,G,L,E,W,V,G,Y,N,N,P,-,-,Y,N,A,G,T,N,Y,N,E,K,F,K,G,R,F,T,I,S,S,D,K,S,K,N,T,A,Y,L,Q,M,N,S,L,R,A,E,D,T,A,V,Y,Y,C,S,R,P,T,M,L,P,W,F,-,-,-,-,-,-,-,-,-,-,-,A,Y,W,G,Q,G,T,L,V,T,V,S,S
Pembrolizumab,0,human,H,9.8e-56,178.5,0,119,,,0.00,,0.00,Q,V,Q,L,V,Q,S,G,V,E,V,K,K,P,G,A,S,V,K,V,S,C,K,A,S,G,Y,T,F,T,N,Y,Y,M,Y,-,-,W,V,R,Q,A,P,G,Q,G,L,E,W,M,G,G,I,N,P,-,-,S,N,G,G,T,N,F,N,E,K,F,K,N,R,V,T,L,T,T,D,S,S,T,T,T,A,Y,M,E,L,K,S,L,Q,F,D,D,T,A,V,Y,Y,C,A,R,R,D,Y,R,F,D,M,G,F,-,-,-,-,-,-,-,-,-,D,Y,W,G,Q,G,T,T,V,T,V,S,S
Perakizumab,0,alpaca,H,8.3e-64,204.8,0,121,,,0.00,,0.00,E,V,Q,L,V,E,S,G,G,G,L,V,Q,P,G,G,S,L,R,L,S,C,A,A,S,G,F,T,F,S,D,Y,T,M,L,-,-,W,V,R,Q,A,P,G,K,G,L,E,W,V,A,I,I,K,S,-,-,G,G,S,Y,S,Y,Y,P,D,S,V,K,G,R,F,T,I,S,R,D,N,A,K,N,S,L,Y,L,Q,M,N,S,L,R,A,E,D,T,A,V,Y,Y,C,A,R,D,G,D,Y,G,S,S,Y,G,A,M,-,-,-,-,-,-,-,D,Y,W,G,Q,G,T,L,V,T,V,S,S
Pertuzumab,0,human,H,5.2e-60,192.3,0,118,,,0.00,,0.00,E,V,Q,L,V,E,S,G,G,G,L,V,Q,P,G,G,S,L,R,L,S,C,A,A,S,G,F,T,F,T,D,Y,T,M,D,-,-,W,V,R,Q,A,P,G,K,G,L,E,W,V,A,D,V,N,P,-,-,N,S,G,G,S,I,Y,N,Q,R,F,K,G,R,F,T,L,S,V,D,R,S,K,N,T,L,Y,L,Q,M,N,S,L,R,A,E,D,T,A,V,Y,Y,C,A,R,N,L,G,P,S,F,Y,F,-,-,-,-,-,-,-,-,-,-,D,Y,W,G,Q,G,T,L,V,T,V,S,S
Pidilizumab,0,human,H,5.4e-54,172.9,0,116,,,0.00,,0.00,Q,V,Q,L,V,Q,S,G,S,E,L,K,K,P,G,A,S,V,K,I,S,C,K,A,S,G,Y,T,F,T,N,Y,G,M,N,-,-,W,V,R,Q,A,P,G,Q,G,L,Q,W,M,G,W,I,N,T,-,-,D,S,G,E,S,T,Y,A,E,E,F,K,G,R,F,V,F,S,L,D,T,S,V,N,T,A,Y,L,Q,I,T,S,L,T,A,E,D,T,G,M,Y,F,C,V,R,V,G,Y,D,A,L,-,-,-,-,-,-,-,-,-,-,-,-,D,Y,W,G,Q,G,T,L,V,T,V,S,S
Pinatuzumab,0,human,H,1.9e-61,197.0,0,119,,,0.00,,0.00,E,V,Q,L,V,E,S,G,G,G,L,V,Q,P,G,G,S,L,R,L,S,C,A,A,S,G,Y,E,F,S,R,S,W,M,N,-,-,W,V,R,Q,A,P,G,K,G,L,E,W,V,G,R,I,Y,P,-,-,G,D,G,D,T,N,Y,S,G,K,F,K,G,R,F,T,I,S,A,D,T,S,K,N,T,A,Y,L,Q,M,N,S,L,R,A,E,D,T,A,V,Y,Y,C,A,R,D,G,S,S,W,D,W,Y,F,-,-,-,-,-,-,-,-,-,D,V,W,G,Q,G,T,L,V,T,V,S,S
Plozalizumab,0,alpaca,H,1.2e-61,197.8,0,116,,,0.00,,0.00,E,V,Q,L,V,E,S,G,G,G,L,V,K,P,G,G,S,L,R,L,S,C,A,A,S,G,F,T,F,S,A,Y,A,M,N,-,-,W,V,R,Q,A,P,G,K,G,L,E,W,V,G,R,I,R,T,K,N,N,N,Y,A,T,Y,Y,A,D,S,V,K,D,R,F,T,I,S,R,D,D,S,K,N,T,L,Y,L,Q,M,N,S,L,K,T,E,D,T,A,V,Y,Y,C,T,T,F,Y,G,N,-,-,-,-,-,-,-,-,-,-,-,-,-,-,G,V,W,G,Q,G,T,L,V,T,V,S,S
Pogalizumab,0,human,H,1.2e-55,178.2,0,116,,,0.00,,0.00,E,V,Q,L,V,Q,S,G,A,E,V,K,K,P,G,A,S,V,K,V,S,C,K,A,S,G,Y,T,F,T,D,S,Y,M,S,-,-,W,V,R,Q,A,P,G,Q,G,L,E,W,I,G,D,M,Y,P,-,-,D,N,G,D,S,S,Y,N,Q,K,F,R,E,R,V,T,I,T,R,D,T,S,T,S,T,A,Y,L,E,L,S,S,L,R,S,E,D,T,A,V,Y,Y,C,V,L,A,P,R,W,Y,F,-,-,-,-,-,-,-,-,-,-,-,-,S,V,W,G,Q,G,T,L,V,T,V,S,S
Polatuzumab,0,human,H,2.3e-58,187.0,0,116,,,0.00,,0.00,E,V,Q,L,V,E,S,G,G,G,L,V,Q,P,G,G,S,L,R,L,S,C,A,A,S,G,Y,T,F,S,S,Y,W,I,E,-,-,W,V,R,Q,A,P,G,K,G,L,E,W,I,G,E,I,L,P,-,-,G,G,G,D,T,N,Y,N,E,I,F,K,G,R,A,T,F,S,A,D,T,S,K,N,T,A,Y,L,Q,M,N,S,L,R,A,E,D,T,A,V,Y,Y,C,T,R,R,V,P,I,R,L,-,-,-,-,-,-,-,-,-,-,-,-,D,Y,W,G,Q,G,T,L,V,T,V,S,S
Ponezumab,0,human,H,4.1e-53,170.1,0,115,,,0.00,,0.00,Q,V,Q,L,V,Q,S,G,A,E,V,K,K,P,G,A,S,V,K,V,S,C,K,A,S,G,Y,Y,T,E,A,Y,Y,I,H,-,-,W,V,R,Q,A,P,G,Q,G,L,E,W,M,G,R,I,D,P,-,-,A,T,G,N,T,K,Y,A,P,R,L,Q,D,R,V,T,M,T,R,D,T,S,T,S,T,V,Y,M,E,L,S,S,L,R,S,E,D,T,A,V,Y,Y,C,A,S,L,Y,S,L,P,-,-,-,-,-,-,-,-,-,-,-,-,-,V,Y,W,G,Q,G,T,T,V,T,V,S,S
Prasinezumab,0,alpaca,H,2.6e-65,209.6,0,115,,,0.00,,0.00,E,V,Q,L,V,E,S,G,G,G,L,V,Q,P,G,G,S,L,R,L,S,C,A,A,S,G,F,T,F,S,N,Y,G,M,S,-,-,W,V,R,Q,A,P,G,K,G,L,E,W,V,A,S,I,S,S,-,-,G,G,G,S,T,Y,Y,P,D,N,V,K,G,R,F,T,I,S,R,D,D,A,K,N,S,L,Y,L,Q,M,N,S,L,R,A,E,D,T,A,V,Y,Y,C,A,R,G,G,A,G,I,-,-,-,-,-,-,-,-,-,-,-,-,-,D,Y,W,G,Q,G,T,L,V,T,V,S,S
Quilizumab,0,alpaca,H,4.8e-61,195.8,0,116,,,0.00,,0.00,E,V,Q,L,V,E,S,G,G,G,L,V,Q,P,G,G,S,L,R,L,S,C,A,A,S,G,F,T,F,S,D,Y,G,I,A,-,-,W,V,R,Q,A,P,G,K,G,L,E,W,V,A,F,I,S,D,-,-,L,A,Y,T,I,Y,Y,A,D,T,V,T,G,R,F,T,I,S,R,D,N,S,K,N,T,L,Y,L,Q,M,N,S,L,R,A,E,D,T,A,V,Y,Y,C,A,R,D,N,W,D,A,M,-,-,-,-,-,-,-,-,-,-,-,-,D,Y,W,G,Q,G,T,L,V,T,V,S,S
Ralpancizumab,0,human,H,4.3e-59,189.4,0,117,,,0.00,,0.00,Q,V,Q,L,V,Q,S,G,A,E,V,K,K,P,G,A,S,V,K,V,S,C,K,A,S,G,Y,T,F,T,S,Y,Y,M,H,-,-,W,V,R,Q,A,P,G,Q,G,L,E,W,M,G,E,I,H,P,-,-,S,G,G,R,T,N,Y,N,E,K,F,K,S,R,V,T,M,T,R,D,T,S,T,S,T,V,Y,M,E,L,S,S,L,R,S,E,D,T,A,V,Y,Y,C,A,R,E,R,P,L,Y,A,S,-,-,-,-,-,-,-,-,-,-,-,D,L,W,G,Q,G,T,T,V,T,V,S,S
Ranibizumab,0,human,H,2.4e-57,183.7,0,122,,,0.00,,0.00,E,V,Q,L,V,E,S,G,G,G,L,V,Q,P,G,G,S,L,R,L,S,C,A,A,S,G,Y,D,F,T,H,Y,G,M,N,-,-,W,V,R,Q,A,P,G,K,G,L,E,W,V,G,W,I,N,T,-,-,Y,T,G,E,P,T,Y,A,A,D,F,K,R,R,F,T,F,S,L,D,T,S,K,S,T,A,Y,L,Q,M,N,S,L,R,A,E,D,T,A,V,Y,Y,C,A,K,Y,P,Y,Y,Y,G,T,S,H,W,Y,F,-,-,-,-,-,-,D,V,W,G,Q,G,T,L,V,T,V,S,S
Ravulizumab,0,human,H,5.5e-57,182.6,0,121,,,0.00,,0.00,Q,V,Q,L,V,Q,S,G,A,E,V,K,K,P,G,A,S,V,K,V,S,C,K,A,S,G,H,I,F,S,N,Y,W,I,Q,-,-,W,V,R,Q,A,P,G,Q,G,L,E,W,M,G,E,I,L,P,-,-,G,S,G,H,T,E,Y,T,E,N,F,K,D,R,V,T,M,T,R,D,T,S,T,S,T,V,Y,M,E,L,S,S,L,R,S,E,D,T,A,V,Y,Y,C,A,R,Y,F,F,G,S,S,P,N,W,Y,F,-,-,-,-,-,-,-,D,V,W,G,Q,G,T,L,V,T,V,S,S
Refanezumab,0,human,H,3.2e-55,176.8,0,125,,,0.00,,0.00,Q,V,Q,L,V,Q,S,G,S,E,L,K,K,P,G,A,S,V,K,V,S,C,K,A,S,G,Y,T,F,T,N,Y,G,M,N,-,-,W,V,R,Q,A,P,G,Q,G,L,E,W,M,G,W,I,N,T,-,-,Y,T,G,E,P,T,Y,A,D,D,F,T,G,R,F,V,F,S,L,D,T,S,V,S,T,A,Y,L,Q,I,S,S,L,K,A,E,D,T,A,V,Y,Y,C,A,R,N,P,I,N,Y,Y,G,I,N,Y,E,G,Y,V,M,-,-,-,D,Y,W,G,Q,G,T,L,V,T,V,S,S
Reslizumab,0,human,H,1.4e-58,187.7,0,115,,,0.00,,0.00,E,V,Q,L,V,E,S,G,G,G,L,V,Q,P,G,G,S,L,R,L,S,C,A,V,S,G,L,S,L,T,S,N,S,V,N,-,-,W,I,R,Q,A,P,G,K,G,L,E,W,V,G,L,I,W,-,-,-,S,N,G,D,T,D,Y,N,S,A,I,K,S,R,F,T,I,S,R,D,T,S,K,S,T,V,Y,L,Q,M,N,S,L,R,A,E,D,T,A,V,Y,Y,C,A,R,E,Y,Y,G,Y,F,-,-,-,-,-,-,-,-,-,-,-,-,D,Y,W,G,Q,G,T,L,V,T,V,S,S
Risankizumab,0,human,H,1.1e-55,178.3,0,119,,,0.00,,0.00,Q,V,Q,L,V,Q,S,G,A,E,V,K,K,P,G,S,S,V,K,V,S,C,K,A,S,G,Y,T,F,T,D,Q,T,I,H,-,-,W,M,R,Q,A,P,G,Q,G,L,E,W,I,G,Y,I,Y,P,-,-,R,D,D,S,P,K,Y,N,E,N,F,K,G,K,V,T,I,T,A,D,K,S,T,S,T,A,Y,M,E,L,S,S,L,R,S,E,D,T,A,V,Y,Y,C,A,I,P,D,R,S,G,Y,A,W,F,-,-,-,-,-,-,-,-,-,I,Y,W,G,Q,G,T,L,V,T,V,S,S
Rivabazumab,0,alpaca,H,1.4e-62,200.8,0,123,,,0.00,,0.00,E,V,Q,L,V,E,S,G,G,G,V,V,Q,P,G,R,S,L,R,L,S,C,A,A,S,G,F,T,F,S,N,Y,P,M,H,-,-,W,V,R,Q,A,P,G,K,G,L,E,W,V,A,V,I,S,Y,-,-,D,G,S,E,K,W,Y,A,D,S,V,K,G,R,F,T,I,S,R,D,N,S,K,N,T,L,Y,L,E,M,N,S,L,R,P,E,D,T,A,V,Y,Y,C,A,R,N,R,G,D,I,Y,Y,D,F,T,Y,A,M,-,-,-,-,-,D,I,W,G,Q,G,T,T,V,T,V,S,S
Romosozumab,0,human,H,1.1e-57,184.8,0,122,,,0.00,,0.00,E,V,Q,L,V,Q,S,G,A,E,V,K,K,P,G,A,S,V,K,V,S,C,K,A,S,G,Y,T,F,T,D,Y,N,M,H,-,-,W,V,R,Q,A,P,G,Q,G,L,E,W,M,G,E,I,N,P,-,-,N,S,G,G,A,G,Y,N,Q,K,F,K,G,R,V,T,M,T,T,D,T,S,T,S,T,A,Y,M,E,L,R,S,L,R,S,D,D,T,A,V,Y,Y,C,A,R,L,G,Y,D,D,I,Y,D,D,W,Y,F,-,-,-,-,-,-,D,V,W,G,Q,G,T,T,V,T,V,S,S
Rontalizumab,0,human,H,1.6e-58,187.5,0,116,,,0.00,,0.00,E,V,Q,L,V,E,S,G,G,G,L,V,Q,P,G,G,S,L,R,L,S,C,A,T,S,G,Y,T,F,T,E,Y,I,I,H,-,-,W,V,R,Q,A,P,G,K,G,L,E,W,V,A,S,I,N,P,-,-,D,Y,D,I,T,N,Y,N,Q,R,F,K,G,R,F,T,I,S,L,D,K,S,K,R,T,A,Y,L,Q,M,N,S,L,R,A,E,D,T,A,V,Y,Y,C,A,S,W,I,S,D,F,F,-,-,-,-,-,-,-,-,-,-,-,-,D,Y,W,G,Q,G,T,L,V,T,V,S,S
Rosmantuzumab,0,human,H,7.3e-57,182.2,0,116,,,0.00,,0.00,Q,V,Q,L,V,Q,S,G,A,E,V,K,K,P,G,A,S,V,K,V,S,C,K,A,S,G,Y,T,F,T,D,Y,S,I,H,-,-,W,V,R,Q,A,P,G,Q,G,L,E,W,I,G,Y,I,Y,P,-,-,S,N,G,D,S,G,Y,N,Q,K,F,K,N,R,V,T,M,T,R,D,T,S,T,S,T,A,Y,M,E,L,S,R,L,R,S,E,D,T,A,V,Y,Y,C,A,T,Y,F,A,N,N,F,-,-,-,-,-,-,-,-,-,-,-,-,D,Y,W,G,Q,G,T,T,L,T,V,S,S
Rovalpituzumab,0,human,H,6.1e-57,182.4,0,117,,,0.00,,0.00,Q,V,Q,L,V,Q,S,G,A,E,V,K,K,P,G,A,S,V,K,V,S,C,K,A,S,G,Y,T,F,T,N,Y,G,M,N,-,-,W,V,R,Q,A,P,G,Q,G,L,E,W,M,G,W,I,N,T,-,-,Y,T,G,E,P,T,Y,A,D,D,F,K,G,R,V,T,M,T,T,D,T,S,T,S,T,A,Y,M,E,L,R,S,L,R,S,D,D,T,A,V,Y,Y,C,A,R,I,G,D,S,S,P,S,-,-,-,-,-,-,-,-,-,-,-,D,Y,W,G,Q,G,T,L,V,T,V,S,S
Ruplizumab,0,mouse,H,5.3e-57,182.5,0,117,,,0.00,,0.00,Q,V,Q,L,V,Q,S,G,A,E,V,V,K,P,G,A,S,V,K,L,S,C,K,A,S,G,Y,I,F,T,S,Y,Y,M,Y,-,-,W,V,K,Q,A,P,G,Q,G,L,E,W,I,G,E,I,N,P,-,-,S,N,G,D,T,N,F,N,E,K,F,K,S,K,A,T,L,T,V,D,K,S,A,S,T,A,Y,M,E,L,S,S,L,R,S,E,D,T,A,V,Y,Y,C,T,R,S,D,G,R,N,D,M,-,-,-,-,-,-,-,-,-,-,-,D,S,W,G,Q,G,T,L,V,T,V,S,S
Sacituzumab,0,human,H,2.1e-53,171.0,0,120,,,0.00,,0.00,Q,V,Q,L,Q,Q,S,G,S,E,L,K,K,P,G,A,S,V,K,V,S,C,K,A,S,G,Y,T,F,T,N,Y,G,M,N,-,-,W,V,K,Q,A,P,G,Q,G,L,K,W,M,G,W,I,N,T,-,-,Y,T,G,E,P,T,Y,T,D,D,F,K,G,R,F,A,F,S,L,D,T,S,V,S,T,A,Y,L,Q,I,S,S,L,K,A,D,D,T,A,V,Y,F,C,A,R,G,G,F,G,S,S,Y,W,Y,F,-,-,-,-,-,-,-,-,D,V,W,G,Q,G,S,L,V,T,V,S,S
Samalizumab,0,mouse,H,1e-55,178.3,0,116,,,0.00,,0.00,Q,V,Q,L,Q,Q,S,G,S,E,L,K,K,P,G,A,S,V,K,I,S,C,K,A,S,G,Y,S,F,T,D,Y,I,I,L,-,-,W,V,R,Q,N,P,G,K,G,L,E,W,I,G,H,I,D,P,-,-,Y,Y,G,S,S,N,Y,N,L,K,F,K,G,R,V,T,I,T,A,D,Q,S,T,T,T,A,Y,M,E,L,S,S,L,R,S,E,D,T,A,V,Y,Y,C,G,R,S,K,R,D,Y,F,-,-,-,-,-,-,-,-,-,-,-,-,D,Y,W,G,Q,G,T,T,L,T,V,S,S
Sapelizumab,0,alpaca,H,5.3e-59,189.2,0,118,,,0.00,,0.00,Q,V,Q,L,Q,E,S,G,P,G,L,V,K,P,S,E,T,L,S,L,T,C,A,V,S,G,H,S,I,S,H,D,H,A,W,S,-,W,V,R,Q,P,P,G,E,G,L,E,W,I,G,F,I,S,-,-,-,Y,S,G,I,T,N,Y,N,P,S,L,Q,G,R,V,T,I,S,R,D,N,S,K,N,T,L,Y,L,Q,M,N,S,L,R,A,E,D,T,A,V,Y,Y,C,A,R,S,L,A,R,T,T,A,M,-,-,-,-,-,-,-,-,-,-,D,Y,W,G,E,G,T,L,V,T,V,S,S
Satralizumab,0,alpaca,H,5.3e-59,189.2,0,118,,,0.00,,0.00,Q,V,Q,L,Q,E,S,G,P,G,L,V,K,P,S,E,T,L,S,L,T,C,A,V,S,G,H,S,I,S,H,D,H,A,W,S,-,W,V,R,Q,P,P,G,E,G,L,E,W,I,G,F,I,S,-,-,-,Y,S,G,I,T,N,Y,N,P,S,L,Q,G,R,V,T,I,S,R,D,N,S,K,N,T,L,Y,L,Q,M,N,S,L,R,A,E,D,T,A,V,Y,Y,C,A,R,S,L,A,R,T,T,A,M,-,-,-,-,-,-,-,-,-,-,D,Y,W,G,E,G,T,L,V,T,V,S,S
Simtuzumab,0,mouse,H,3e-57,183.2,0,115,,,0.00,,0.00,Q,V,Q,L,V,Q,S,G,A,E,V,K,K,P,G,A,S,V,K,V,S,C,K,A,S,G,Y,A,F,T,Y,Y,L,I,E,-,-,W,V,R,Q,A,P,G,Q,G,L,E,W,I,G,V,I,N,P,-,-,G,S,G,G,T,N,Y,N,E,K,F,K,G,R,A,T,I,T,A,D,K,S,T,S,T,A,Y,M,E,L,S,S,L,R,S,E,D,T,A,V,Y,F,C,A,R,N,W,M,N,F,-,-,-,-,-,-,-,-,-,-,-,-,-,D,Y,W,G,Q,G,T,T,V,T,V,S,S
Sofituzumab,0,alpaca,H,1.6e-62,200.6,0,115,,,0.00,,0.00,E,V,Q,L,V,E,S,G,G,G,L,V,Q,P,G,G,S,L,R,L,S,C,A,A,S,G,Y,S,I,T,N,D,Y,A,W,N,-,W,V,R,Q,A,P,G,K,G,L,E,W,V,G,Y,I,S,-,-,-,Y,S,G,Y,T,T,Y,N,P,S,L,K,S,R,F,T,I,S,R,D,T,S,K,N,T,L,Y,L,Q,M,N,S,L,R,A,E,D,T,A,V,Y,Y,C,A,R,W,T,S,G,L,-,-,-,-,-,-,-,-,-,-,-,-,-,D,Y,W,G,Q,G,T,L,V,T,V,S,S
Solanezumab,0,alpaca,H,4.5e-62,199.2,0,111,,,0.00,,0.00,E,V,Q,L,V,E,S,G,G,G,L,V,Q,P,G,G,S,L,R,L,S,C,A,A,S,G,F,T,F,S,R,Y,S,M,S,-,-,W,V,R,Q,A,P,G,K,G,L,E,L,V,A,Q,I,N,S,-,-,V,G,N,S,T,Y,Y,P,D,T,V,K,G,R,F,T,I,S,R,D,N,A,K,N,T,L,Y,L,Q,M,N,S,L,R,A,E,D,T,A,V,Y,Y,C,A,S,G,-,-,-,-,-,-,-,-,-,-,-,-,-,-,-,-,-,D,Y,W,G,Q,G,T,L,V,T,V,S,S
Spartalizumab,0,mouse,H,9.4e-53,168.7,0,116,,,0.00,,0.00,E,V,Q,L,V,Q,S,G,A,E,V,K,K,P,G,E,S,L,R,I,S,C,K,G,S,G,Y,T,F,T,T,Y,W,M,H,-,-,W,V,R,Q,A,T,G,Q,G,L,E,W,M,G,N,I,Y,P,-,-,G,T,G,G,S,N,F,D,E,K,F,K,N,R,V,T,I,T,A,D,K,S,T,S,T,A,Y,M,E,L,S,S,L,R,S,E,D,T,A,V,Y,Y,C,T,R,W,T,T,G,T,G,-,-,-,-,-,-,-,-,-,-,-,-,A,Y,W,G,Q,G,T,T,V,T,V,S,S
Suvizumab,0,mouse,H,2.2e-55,177.2,0,117,,,0.00,,0.00,Q,V,Q,L,V,Q,S,G,A,E,V,K,K,P,G,A,S,V,K,V,S,C,K,A,S,G,Y,T,F,T,N,S,W,I,G,-,-,W,F,R,Q,A,P,G,Q,G,L,E,W,I,G,D,I,Y,P,-,-,G,G,G,Y,T,N,Y,N,E,I,F,K,G,K,A,T,M,T,A,D,T,S,T,N,T,A,Y,M,E,L,S,S,L,R,S,E,D,T,A,V,Y,Y,C,S,R,G,I,P,G,Y,A,M,-,-,-,-,-,-,-,-,-,-,-,D,Y,W,G,Q,G,T,L,V,T,V,S,S
Tadocizumab,0,human,H,3.3e-57,183.3,0,118,,,0.00,,0.00,Q,V,Q,L,V,Q,S,G,A,E,V,K,K,P,G,S,S,V,K,V,S,C,K,A,S,G,Y,A,F,T,N,Y,L,I,E,-,-,W,V,R,Q,A,P,G,Q,G,L,E,W,I,G,V,I,Y,P,-,-,G,S,G,G,T,N,Y,N,E,K,F,K,G,R,V,T,L,T,V,D,E,S,T,N,T,A,Y,M,E,L,S,S,L,R,S,E,D,T,A,V,Y,F,C,A,R,R,D,G,N,Y,G,W,F,-,-,-,-,-,-,-,-,-,-,A,Y,W,G,Q,G,T,L,V,T,V,S,S
Talacotuzumab,0,human,H,1.8e-55,177.7,0,119,,,0.00,,0.00,E,V,Q,L,V,Q,S,G,A,E,V,K,K,P,G,E,S,L,K,I,S,C,K,G,S,G,Y,S,F,T,D,Y,Y,M,K,-,-,W,A,R,Q,M,P,G,K,G,L,E,W,M,G,D,I,I,P,-,-,S,N,G,A,T,F,Y,N,Q,K,F,K,G,Q,V,T,I,S,A,D,K,S,I,S,T,T,Y,L,Q,W,S,S,L,K,A,S,D,T,A,M,Y,Y,C,A,R,S,H,L,L,R,A,S,W,F,-,-,-,-,-,-,-,-,-,A,Y,W,G,Q,G,T,M,V,T,V,S,S
Tanezumab,0,rhesus,H,1.5e-59,190.5,0,120,,,0.00,,0.00,Q,V,Q,L,Q,E,S,G,P,G,L,V,K,P,S,E,T,L,S,L,T,C,T,V,S,G,F,S,L,I,G,Y,D,L,N,-,-,W,I,R,Q,P,P,G,K,G,L,E,W,I,G,I,I,W,-,-,-,G,D,G,T,T,D,Y,N,S,A,V,K,S,R,V,T,I,S,K,D,T,S,K,N,Q,F,S,L,K,L,S,S,V,T,A,A,D,T,A,V,Y,Y,C,A,R,G,G,Y,W,Y,A,T,S,Y,Y,F,-,-,-,-,-,-,-,D,Y,W,G,Q,G,T,L,V,T,V,S,S
Telisotuzumab,0,human,H,3.4e-58,186.5,0,117,,,0.00,,0.00,Q,V,Q,L,V,Q,S,G,A,E,V,K,K,P,G,A,S,V,K,V,S,C,K,A,S,G,Y,I,F,T,A,Y,T,M,H,-,-,W,V,R,Q,A,P,G,Q,G,L,E,W,M,G,W,I,K,P,-,-,N,N,G,L,A,N,Y,A,Q,K,F,Q,G,R,V,T,M,T,R,D,T,S,I,S,T,A,Y,M,E,L,S,R,L,R,S,D,D,T,A,V,Y,Y,C,A,R,S,E,I,T,T,E,F,-,-,-,-,-,-,-,-,-,-,-,D,Y,W,G,Q,G,T,L,V,T,V,S,S
Teplizumab,0,human,H,7.4e-59,188.6,0,118,,,0.00,,0.00,Q,V,Q,L,V,Q,S,G,G,G,V,V,Q,P,G,R,S,L,R,L,S,C,K,A,S,G,Y,T,F,T,R,Y,T,M,H,-,-,W,V,R,Q,A,P,G,K,G,L,E,W,I,G,Y,I,N,P,-,-,S,R,G,Y,T,N,Y,N,Q,K,V,K,D,R,F,T,I,S,R,D,N,S,K,N,T,A,F,L,Q,M,D,S,L,R,P,E,D,T,G,V,Y,F,C,A,R,Y,Y,D,D,H,Y,C,L,-,-,-,-,-,-,-,-,-,-,D,Y,W,G,Q,G,T,P,V,T,V,S,S
Tibulizumab,0,rhesus,H,3.5e-63,202.3,0,122,,,0.00,,0.00,Q,V,Q,L,Q,Q,W,G,A,G,L,L,K,P,S,E,T,L,S,L,T,C,A,V,Y,G,G,S,F,S,G,Y,Y,W,S,-,-,W,I,R,Q,P,P,G,K,G,L,E,W,I,G,E,I,N,-,-,-,H,S,G,S,T,N,Y,N,P,S,L,K,S,R,V,T,I,S,V,D,T,S,K,N,Q,F,S,L,K,L,S,S,V,T,A,A,D,T,A,V,Y,Y,C,A,R,G,Y,Y,D,I,L,T,G,Y,Y,Y,Y,F,-,-,-,-,-,D,Y,W,G,Q,G,T,L,V,T,V,S,S
Tigatuzumab,0,alpaca,H,7e-66,211.5,0,118,,,0.00,,0.00,E,V,Q,L,V,E,S,G,G,G,L,V,Q,P,G,G,S,L,R,L,S,C,A,A,S,G,F,T,F,S,S,Y,V,M,S,-,-,W,V,R,Q,A,P,G,K,G,L,E,W,V,A,T,I,S,S,-,-,G,G,S,Y,T,Y,Y,P,D,S,V,K,G,R,F,T,I,S,R,D,N,A,K,N,T,L,Y,L,Q,M,N,S,L,R,A,E,D,T,A,V,Y,Y,C,A,R,R,G,D,S,M,I,T,T,-,-,-,-,-,-,-,-,-,-,D,Y,W,G,Q,G,T,L,V,T,V,S,S
Tildrakizumab,0,mouse,H,6.3e-55,175.7,0,115,,,0.00,,0.00,Q,V,Q,L,V,Q,S,G,A,E,V,K,K,P,G,A,S,V,K,V,S,C,K,A,S,G,Y,I,F,I,T,Y,W,M,T,-,-,W,V,R,Q,A,P,G,Q,G,L,E,W,M,G,Q,I,F,P,-,-,A,S,G,S,A,D,Y,N,E,K,F,E,G,R,V,T,M,T,T,D,T,S,T,S,T,A,Y,M,E,L,R,S,L,R,S,D,D,T,A,V,Y,Y,C,A,R,G,G,G,G,F,-,-,-,-,-,-,-,-,-,-,-,-,-,A,Y,W,G,Q,G,T,L,V,T,V,S,S
Timigutuzumab,0,human,H,2.6e-60,193.3,0,119,,,0.00,,0.00,E,V,Q,L,V,E,S,G,G,G,L,V,Q,P,G,G,S,L,R,L,S,C,A,A,S,G,F,N,I,K,D,T,Y,I,H,-,-,W,V,R,Q,A,P,G,K,G,L,E,W,V,A,R,I,Y,P,-,-,T,N,G,Y,T,R,Y,A,D,S,V,K,G,R,F,T,I,S,A,D,T,S,K,N,T,A,Y,L,Q,M,N,S,L,R,A,E,D,T,A,V,Y,Y,C,S,R,W,G,G,D,G,F,Y,A,M,-,-,-,-,-,-,-,-,-,D,Y,W,G,Q,G,T,L,V,T,V,S,S
Tislelizumab,0,rhesus,H,1.4e-60,193.9,0,117,,,0.00,,0.00,Q,V,Q,L,Q,E,S,G,P,G,L,V,K,P,S,E,T,L,S,L,T,C,T,V,S,G,F,S,L,T,S,Y,G,V,H,-,-,W,I,R,Q,P,P,G,K,G,L,E,W,I,G,V,I,Y,-,-,-,A,D,G,S,T,N,Y,N,P,S,L,K,S,R,V,T,I,S,K,D,T,S,K,N,Q,V,S,L,K,L,S,S,V,T,A,A,D,T,A,V,Y,Y,C,A,R,A,Y,G,N,Y,W,Y,I,-,-,-,-,-,-,-,-,-,-,D,V,W,G,Q,G,T,T,V,T,V,S,S
Tocilizumab,0,rhesus,H,2e-60,193.4,0,118,,,0.00,,0.00,Q,V,Q,L,Q,E,S,G,P,G,L,V,R,P,S,Q,T,L,S,L,T,C,T,V,S,G,Y,S,I,T,S,D,H,A,W,S,-,W,V,R,Q,P,P,G,R,G,L,E,W,I,G,Y,I,S,-,-,-,Y,S,G,I,T,T,Y,N,P,S,L,K,S,R,V,T,M,L,R,D,T,S,K,N,Q,F,S,L,R,L,S,S,V,T,A,A,D,T,A,V,Y,Y,C,A,R,S,L,A,R,T,T,A,M,-,-,-,-,-,-,-,-,-,-,D,Y,W,G,Q,G,S,L,V,T,V,S,S
Trastuzumab,0,human,H,2.6e-60,193.3,0,119,,,0.00,,0.00,E,V,Q,L,V,E,S,G,G,G,L,V,Q,P,G,G,S,L,R,L,S,C,A,A,S,G,F,N,I,K,D,T,Y,I,H,-,-,W,V,R,Q,A,P,G,K,G,L,E,W,V,A,R,I,Y,P,-,-,T,N,G,Y,T,R,Y,A,D,S,V,K,G,R,F,T,I,S,A,D,T,S,K,N,T,A,Y,L,Q,M,N,S,L,R,A,E,D,T,A,V,Y,Y,C,S,R,W,G,G,D,G,F,Y,A,M,-,-,-,-,-,-,-,-,-,D,Y,W,G,Q,G,T,L,V,T,V,S,S
Tregalizumab,0,alpaca,H,9.2e-59,188.5,0,123,,,0.00,,0.00,E,E,Q,L,V,E,S,G,G,G,L,V,K,P,G,G,S,L,R,L,S,C,A,A,S,G,F,S,F,S,D,C,R,M,Y,-,-,W,L,R,Q,A,P,G,K,G,L,E,W,I,G,V,I,S,V,K,S,E,N,Y,G,A,N,Y,A,E,S,V,R,G,R,F,T,I,S,R,D,D,S,K,N,T,V,Y,L,Q,M,N,S,L,K,T,E,D,T,A,V,Y,Y,C,S,A,S,Y,Y,R,Y,D,V,G,A,W,F,-,-,-,-,-,-,-,A,Y,W,G,Q,G,T,L,V,T,V,S,S
Vandortuzumab,0,alpaca,H,3.3e-63,202.8,0,123,,,0.00,,0.00,E,V,Q,L,V,E,S,G,G,G,L,V,Q,P,G,G,S,L,R,L,S,C,A,V,S,G,Y,S,I,T,S,D,Y,A,W,N,-,W,V,R,Q,A,P,G,K,G,L,E,W,V,G,Y,I,S,-,-,-,N,S,G,S,T,S,Y,N,P,S,L,K,S,R,F,T,I,S,R,D,T,S,K,N,T,L,Y,L,Q,M,N,S,L,R,A,E,D,T,A,V,Y,Y,C,A,R,E,R,N,Y,D,Y,D,D,Y,Y,Y,A,M,-,-,-,-,-,D,Y,W,G,Q,G,T,L,V,T,V,S,S
Vanucizumab,0,human,H,5.9e-57,182.5,0,128,,,0.00,,0.00,Q,V,Q,L,V,Q,S,G,A,E,V,K,K,P,G,A,S,V,K,V,S,C,K,A,S,G,Y,T,F,T,G,Y,Y,M,H,-,-,W,V,R,Q,A,P,G,Q,G,L,E,W,M,G,W,I,N,P,-,-,N,S,G,G,T,N,Y,A,Q,K,F,Q,G,R,V,T,M,T,R,D,T,S,I,S,T,A,Y,M,E,L,S,R,L,R,S,D,D,T,A,V,Y,Y,C,A,R,S,P,N,P,Y,Y,Y,D,S,S,G,Y,Y,Y,P,G,A,F,D,I,W,G,Q,G,T,M,V,T,V,S,S
Vatelizumab,0,cow,H,2.3e-56,180.3,0,118,,,0.00,,0.00,Q,V,Q,L,Q,E,S,G,P,G,L,V,K,P,S,E,T,L,S,L,T,C,T,V,S,G,F,S,L,T,N,Y,G,I,H,-,-,W,I,R,Q,P,P,G,K,G,L,E,W,L,G,V,I,W,-,-,-,A,R,G,F,T,N,Y,N,S,A,L,M,S,R,L,T,I,S,K,D,N,S,K,N,Q,V,S,L,K,L,S,S,V,T,A,A,D,T,A,V,Y,Y,C,A,R,A,N,D,G,V,Y,Y,A,M,-,-,-,-,-,-,-,-,-,D,Y,W,G,Q,G,T,L,V,T,V,S,S
Vedolizumab,0,human,H,1.8e-57,184.1,0,120,,,0.00,,0.00,Q,V,Q,L,V,Q,S,G,A,E,V,K,K,P,G,A,S,V,K,V,S,C,K,G,S,G,Y,T,F,T,S,Y,W,M,H,-,-,W,V,R,Q,A,P,G,Q,R,L,E,W,I,G,E,I,D,P,-,-,S,E,S,N,T,N,Y,N,Q,K,F,K,G,R,V,T,L,T,V,D,I,S,A,S,T,A,Y,M,E,L,S,S,L,R,S,E,D,T,A,V,Y,Y,C,A,R,G,G,Y,D,G,W,D,Y,A,I,-,-,-,-,-,-,-,-,D,Y,W,G,Q,G,T,L,V,T,V,S,S
Veltuzumab,0,mouse,H,7.7e-58,185.2,0,120,,,0.00,,0.00,Q,V,Q,L,Q,Q,S,G,A,E,V,K,K,P,G,S,S,V,K,V,S,C,K,A,S,G,Y,T,F,T,S,Y,N,M,H,-,-,W,V,K,Q,A,P,G,Q,G,L,E,W,I,G,A,I,Y,P,-,-,G,M,G,D,T,S,Y,N,Q,K,F,K,G,K,A,T,L,T,A,D,E,S,T,N,T,A,Y,M,E,L,S,S,L,R,S,E,D,T,A,F,Y,Y,C,A,R,S,T,Y,Y,G,G,D,W,Y,F,-,-,-,-,-,-,-,-,D,V,W,G,Q,G,T,T,V,T,V,S,S
Visilizumab,0,mouse,H,2.8e-58,186.6,0,119,,,0.00,,0.00,Q,V,Q,L,V,Q,S,G,A,E,V,K,K,P,G,A,S,V,K,V,S,C,K,A,S,G,Y,T,F,I,S,Y,T,M,H,-,-,W,V,R,Q,A,P,G,Q,G,L,E,W,M,G,Y,I,N,P,-,-,R,S,G,Y,T,H,Y,N,Q,K,L,K,D,K,A,T,L,T,A,D,K,S,A,S,T,A,Y,M,E,L,S,S,L,R,S,E,D,T,A,V,Y,Y,C,A,R,S,A,Y,Y,D,Y,D,G,F,-,-,-,-,-,-,-,-,-,A,Y,W,G,Q,G,T,L,V,T,V,S,S
Vonlerolizumab,0,human,H,1.2e-55,178.2,0,116,,,0.00,,0.00,E,V,Q,L,V,Q,S,G,A,E,V,K,K,P,G,A,S,V,K,V,S,C,K,A,S,G,Y,T,F,T,D,S,Y,M,S,-,-,W,V,R,Q,A,P,G,Q,G,L,E,W,I,G,D,M,Y,P,-,-,D,N,G,D,S,S,Y,N,Q,K,F,R,E,R,V,T,I,T,R,D,T,S,T,S,T,A,Y,L,E,L,S,S,L,R,S,E,D,T,A,V,Y,Y,C,V,L,A,P,R,W,Y,F,-,-,-,-,-,-,-,-,-,-,-,-,S,V,W,G,Q,G,T,L,V,T,V,S,S
Vorsetuzumab,0,human,H,7.4e-57,182.2,0,117,,,0.00,,0.00,Q,V,Q,L,V,Q,S,G,A,E,V,K,K,P,G,A,S,V,K,V,S,C,K,A,S,G,Y,T,F,T,N,Y,G,M,N,-,-,W,V,R,Q,A,P,G,Q,G,L,K,W,M,G,W,I,N,T,-,-,Y,T,G,E,P,T,Y,A,D,A,F,K,G,R,V,T,M,T,R,D,T,S,I,S,T,A,Y,M,E,L,S,R,L,R,S,D,D,T,A,V,Y,Y,C,A,R,D,Y,G,D,Y,G,M,-,-,-,-,-,-,-,-,-,-,-,D,Y,W,G,Q,G,T,T,V,T,V,S,S
Vunakizumab,0,human,H,2.5e-55,177.2,0,122,,,0.00,,0.00,E,V,Q,L,V,Q,S,G,A,E,V,K,K,P,G,A,S,V,K,V,S,C,K,A,S,G,Y,T,F,T,D,Y,E,V,H,-,-,W,V,R,Q,A,P,G,Q,G,L,E,W,M,G,V,I,D,P,-,-,G,T,G,G,V,A,Y,N,Q,K,F,E,G,R,V,T,M,T,A,D,T,S,T,S,T,A,Y,M,E,L,R,S,L,R,S,D,D,T,A,V,Y,Y,C,T,R,Y,S,L,F,Y,G,S,S,P,Y,A,M,-,-,-,-,-,-,D,Y,W,G,Q,G,T,L,V,T,V,S,S
Xentuzumab,0,alpaca,H,2.1e-64,206.7,0,116,,,0.00,,0.00,Q,V,E,L,V,E,S,G,G,G,L,V,Q,P,G,G,S,L,R,L,S,C,A,A,S,G,F,T,F,T,S,Y,W,M,S,-,-,W,V,R,Q,A,P,G,K,G,L,E,L,V,S,S,I,T,S,-,-,Y,G,S,F,T,Y,Y,A,D,S,V,K,G,R,F,T,I,S,R,D,N,S,K,N,T,L,Y,L,Q,M,N,S,L,R,A,E,D,T,A,V,Y,Y,C,A,R,N,M,Y,T,H,F,-,-,-,-,-,-,-,-,-,-,-,-,D,S,W,G,Q,G,T,L,V,T,V,S,S
Zenocutuzumab,0,human,H,4.9e-59,189.2,0,123,,,0.00,,0.00,Q,V,Q,L,V,Q,S,G,A,E,V,K,K,P,G,A,S,V,K,V,S,C,K,A,S,G,Y,T,F,T,G,Y,Y,M,H,-,-,W,V,R,Q,A,P,G,Q,G,L,E,W,M,G,W,I,N,P,-,-,N,S,G,G,T,N,Y,A,Q,K,F,Q,G,R,V,T,M,T,R,D,T,S,I,S,T,A,Y,M,E,L,S,R,L,R,S,D,D,T,A,V,Y,Y,C,A,R,D,H,G,S,R,H,F,W,S,Y,W,G,F,-,-,-,-,-,D,Y,W,G,Q,G,T,L,V,T,V,S,S
